date,Availability,SOC,Power,Frequency
01/09/2025 00:30:00,,3.25,0.00018,49.96666666666667
01/09/2025 01:00:00,,3.19,-0.0005566666666666667,50.03666666666667
01/09/2025 01:30:00,,3.17,-0.0004966666666666666,50.03333333333333
01/09/2025 02:00:00,,3.14,0.0004266666666666666,50.06666666666666
01/09/2025 02:30:00,,3.16,0.00037666666666666664,49.98
01/09/2025 03:00:00,,3.08,0.0003666666666666666,49.99666666666667
01/09/2025 03:30:00,,3.03,0.00044666666666666666,50.03333333333333
01/09/2025 04:00:00,,2.98,-0.0014466666666666666,50.080000000000005
01/09/2025 04:30:00,,2.95,-0.00044000000000000007,50.01333333333333
01/09/2025 05:00:00,,2.92,-0.00522,49.96666666666667
01/09/2025 05:30:00,,2.87,-0.00041333333333333326,50.00333333333333
01/09/2025 06:00:00,,2.84,-0.0012966666666666667,50.04333333333333
01/09/2025 06:30:00,,2.82,-0.003663333333333333,49.98666666666666
01/09/2025 07:00:00,,2.79,-0.00586,50.0
01/09/2025 07:30:00,,2.76,-0.007953333333333333,50.07333333333333
01/09/2025 08:00:00,,2.71,-0.00176,50.03333333333333
01/09/2025 08:30:00,,2.68,-0.005996666666666667,49.99666666666667
01/09/2025 09:00:00,,2.65,-0.0032366666666666668,50.04333333333333
01/09/2025 09:30:00,,2.68,-0.00375,50.053333333333335
01/09/2025 10:00:00,,2.65,-0.00315,49.99
01/09/2025 10:30:00,,2.57,-0.00314,49.96
01/09/2025 11:00:00,,2.55,-0.00324,49.91
01/09/2025 11:30:00,,2.52,-0.00312,49.99666666666667
01/09/2025 12:00:00,,2.47,-0.003643333333333333,49.97333333333333
01/09/2025 12:30:00,,2.44,-0.00319,50.00666666666667
01/09/2025 13:00:00,,2.47,-0.0031566666666666666,50.01666666666667
01/09/2025 13:30:00,,2.41,-0.00322,50.04333333333333
01/09/2025 14:00:00,,2.38,-0.0030033333333333335,49.95333333333334
01/09/2025 14:30:00,,2.36,-0.00349,50.089999999999996
01/09/2025 15:00:00,,2.33,-0.00428,50.096666666666664
01/09/2025 15:30:00,,2.28,-0.0032433333333333337,49.913333333333334
01/09/2025 16:00:00,,2.3,-0.0030066666666666666,49.98
01/09/2025 16:30:00,,2.2,-0.0030266666666666667,49.95666666666667
01/09/2025 17:00:00,,2.25,-0.004019999999999999,49.876666666666665
01/09/2025 17:30:00,,2.2,-0.0035033333333333327,49.89666666666667
01/09/2025 18:00:00,,2.17,-0.0041199999999999995,49.88666666666666
01/09/2025 18:30:00,,2.14,-0.0028833333333333332,49.99333333333334
01/09/2025 19:00:00,,1.9,-0.0028833333333333332,50.00666666666667
01/09/2025 19:30:00,,1.87,-0.006193333333333333,49.96666666666667
01/09/2025 20:00:00,,1.85,-0.0028333333333333335,49.93333333333333
01/09/2025 20:30:00,,1.68,-0.00274,50.06
01/09/2025 21:00:00,,1.63,-0.002733333333333333,50.096666666666664
01/09/2025 21:30:00,,1.55,-0.0029733333333333335,49.916666666666664
01/09/2025 22:00:00,,1.36,-0.00344,50.086666666666666
01/09/2025 22:30:00,,1.31,-0.0028833333333333332,50.076666666666675
01/09/2025 23:00:00,,1.23,-0.0029200000000000003,49.946666666666665
01/09/2025 23:30:00,,1.12,-0.00305,49.916666666666664
02/09/2025 00:00:00,,0.9,-0.002946666666666667,49.946666666666665
02/09/2025 00:30:00,,0.88,-0.007023333333333334,50.04333333333333
02/09/2025 01:00:00,,0.82,-0.0034233333333333333,50.02666666666667
02/09/2025 01:30:00,,0.82,-0.0041199999999999995,49.98333333333333
02/09/2025 02:00:00,,1.12,-0.004293333333333333,49.95666666666667
02/09/2025 02:30:00,,1.12,-0.0037833333333333334,50.03333333333333
02/09/2025 03:00:00,,1.12,-0.0037366666666666663,50.05666666666667
02/09/2025 03:30:00,,1.12,-0.00371,50.01
02/09/2025 04:00:00,,1.47,-0.003753333333333333,49.98
02/09/2025 04:30:00,,1.47,-0.003766666666666667,49.96333333333333
02/09/2025 05:00:00,,1.47,-0.0041533333333333335,50.00666666666667
02/09/2025 05:30:00,,1.44,-0.006586666666666667,49.96666666666667
02/09/2025 06:00:00,,1.39,-0.00452,49.97666666666667
02/09/2025 06:30:00,,1.33,-0.0039499999999999995,49.97
02/09/2025 07:00:00,,1.28,-0.005053333333333333,49.949999999999996
02/09/2025 07:30:00,,1.25,-0.00846,49.99
02/09/2025 08:00:00,,1.2,-0.00462,50.00333333333333
02/09/2025 08:30:00,,1.15,-0.0039033333333333333,49.98666666666667
02/09/2025 09:00:00,,1.09,-0.0041600000000000005,50.04
02/09/2025 09:30:00,,1.04,-0.004486666666666667,50.02666666666667
02/09/2025 10:00:00,,0.98,-0.004816666666666666,50.02
02/09/2025 10:30:00,,0.93,-0.004533333333333334,50.03333333333333
02/09/2025 11:00:00,,0.85,-0.003833333333333333,50.02333333333333
02/09/2025 11:30:00,,0.85,-0.0038499999999999997,50.02333333333334
02/09/2025 12:00:00,,0.8,-0.00382,50.03
02/09/2025 12:30:00,,0.77,-0.00417,50.02333333333333
02/09/2025 13:00:00,,0.77,-0.00411,50.00666666666666
02/09/2025 13:30:00,,0.77,-0.003793333333333333,50.06333333333333
02/09/2025 14:00:00,,0.85,-0.0037566666666666664,50.026666666666664
02/09/2025 14:30:00,,0.8,-0.0037633333333333334,50.0
02/09/2025 15:00:00,,0.77,-0.004063333333333334,50.093333333333334
02/09/2025 15:30:00,,0.77,-0.0041800000000000006,50.07333333333333
02/09/2025 16:00:00,,0.77,-0.0038166666666666666,49.95333333333334
02/09/2025 16:30:00,,0.85,-0.0037833333333333334,49.97
02/09/2025 17:00:00,,0.85,-0.003876666666666667,50.0
02/09/2025 17:30:00,,0.85,-0.004353333333333334,50.0
02/09/2025 18:00:00,,0.8,-0.004676666666666667,50.04
02/09/2025 18:30:00,,0.77,-0.00409,50.02
02/09/2025 19:00:00,,0.77,-0.0062966666666666666,50.083333333333336
02/09/2025 19:30:00,,0.77,-0.007529999999999999,50.06333333333333
02/09/2025 20:00:00,,0.77,-0.004656666666666667,49.946666666666665
02/09/2025 20:30:00,,0.77,-0.0044199999999999995,50.00666666666666
02/09/2025 21:00:00,,0.77,-0.004156666666666667,49.973333333333336
02/09/2025 21:30:00,,0.82,-0.004113333333333333,50.03333333333333
02/09/2025 22:00:00,,0.77,-0.004106666666666667,49.96
02/09/2025 22:30:00,,0.77,-0.004416666666666667,49.93666666666667
02/09/2025 23:00:00,,0.77,-0.0044666666666666665,49.95333333333334
02/09/2025 23:30:00,,0.77,-0.004356666666666667,49.943333333333335
03/09/2025 00:00:00,,0.77,-0.0041400000000000005,50.01666666666667
03/09/2025 00:30:00,,0.77,-0.00802,49.97666666666667
03/09/2025 01:00:00,,0.77,-0.006023333333333333,49.97
03/09/2025 01:30:00,,0.77,-0.0045266666666666676,49.96666666666667
03/09/2025 02:00:00,,0.77,-0.00496,49.98666666666667
03/09/2025 02:30:00,,0.77,-0.005803333333333334,50.01
03/09/2025 03:00:00,,0.77,-0.00599,50.00666666666667
03/09/2025 03:30:00,,0.77,-0.004536666666666667,50.0
03/09/2025 04:00:00,,0.77,-0.004043333333333334,49.96666666666667
03/09/2025 04:30:00,,0.77,-0.004560000000000001,49.949999999999996
03/09/2025 05:00:00,,0.77,-0.004040000000000001,50.07333333333333
03/09/2025 05:30:00,,0.77,-0.004026666666666667,50.03666666666666
03/09/2025 06:00:00,,0.77,-0.00403,50.02333333333333
03/09/2025 06:30:00,,0.77,-0.00409,50.026666666666664
03/09/2025 07:00:00,,0.77,-0.003946666666666667,49.953333333333326
03/09/2025 07:30:00,,0.77,-0.00451,49.98333333333334
03/09/2025 08:00:00,,0.77,-0.009306666666666666,49.916666666666664
03/09/2025 08:30:00,,0.77,-0.00718,50.06
03/09/2025 09:00:00,,0.77,-0.004686666666666666,49.97
03/09/2025 09:30:00,,0.77,-0.00471,50.04333333333333
03/09/2025 10:00:00,,0.77,-0.004253333333333334,50.11000000000001
03/09/2025 10:30:00,,0.77,-0.004416666666666667,50.11333333333334
03/09/2025 11:00:00,,0.77,-0.00383,50.04333333333333
03/09/2025 11:30:00,,0.77,-0.003626666666666667,50.083333333333336
03/09/2025 12:00:00,,0.77,-0.003523333333333333,49.98666666666667
03/09/2025 12:30:00,,0.77,-0.0036733333333333336,50.02333333333333
03/09/2025 13:00:00,,0.77,-0.0037166666666666667,49.973333333333336
03/09/2025 13:30:00,,0.77,-0.0036033333333333334,50.11333333333334
03/09/2025 14:00:00,,0.77,-0.003863333333333333,49.99666666666667
03/09/2025 14:30:00,,0.77,-0.0037700000000000003,50.093333333333334
03/09/2025 15:00:00,,0.77,-0.004086666666666666,50.096666666666664
03/09/2025 15:30:00,,0.77,-0.005663333333333333,50.01333333333333
03/09/2025 16:00:00,,0.77,-0.00664,50.04666666666666
03/09/2025 16:30:00,,0.77,-0.0064333333333333334,50.1
03/09/2025 17:00:00,,0.77,-0.00449,49.96
03/09/2025 17:30:00,,0.77,-0.003826666666666667,49.949999999999996
03/09/2025 18:00:00,,0.77,-0.00513,49.949999999999996
03/09/2025 18:30:00,,0.77,-0.0038766666666666667,49.946666666666665
03/09/2025 19:00:00,,0.77,-0.008103333333333332,49.919999999999995
03/09/2025 19:30:00,,0.77,-0.008583333333333332,50.06333333333333
03/09/2025 20:00:00,,0.77,-0.00795,50.026666666666664
03/09/2025 20:30:00,,0.77,-0.007833333333333333,49.99666666666667
03/09/2025 21:00:00,,0.77,-0.007593333333333334,50.04999999999999
03/09/2025 21:30:00,,0.77,-0.007996666666666668,49.99
03/09/2025 22:00:00,,0.77,-0.00803,49.93
03/09/2025 22:30:00,,0.77,-0.00791,49.98
03/09/2025 23:00:00,,0.77,-0.007710000000000001,50.11000000000001
03/09/2025 23:30:00,,0.77,-0.007686666666666667,50.09666666666667
04/09/2025 00:00:00,,0.77,-0.007516666666666667,49.92333333333334
04/09/2025 00:30:00,,0.77,-0.007456666666666667,50.04666666666666
04/09/2025 01:00:00,,0.77,-0.007919999999999998,49.94
04/09/2025 01:30:00,,0.77,-0.007843333333333334,49.93333333333334
04/09/2025 02:00:00,,0.77,-0.008033333333333333,49.99666666666667
04/09/2025 02:30:00,,0.77,-0.008026666666666666,50.04
04/09/2025 03:00:00,,0.77,-0.008283333333333334,50.093333333333334
04/09/2025 03:30:00,,0.77,-0.007743333333333334,50.04333333333333
04/09/2025 04:00:00,,0.77,-0.007636666666666667,50.01333333333334
04/09/2025 04:30:00,,0.77,-0.006993333333333333,50.01
04/09/2025 05:00:00,,0.77,-0.007200000000000001,50.02666666666667
04/09/2025 05:30:00,,0.77,-0.00788,49.98333333333333
04/09/2025 06:00:00,,0.77,-0.007846666666666667,50.01
04/09/2025 06:30:00,,0.77,-0.007533333333333334,50.07
04/09/2025 07:00:00,,0.77,-0.00731,49.923333333333325
04/09/2025 07:30:00,,0.77,-0.007186666666666667,49.919999999999995
04/09/2025 08:00:00,,0.77,-0.007333333333333333,49.92666666666667
04/09/2025 08:30:00,,0.77,-0.00708,49.99666666666667
04/09/2025 09:00:00,,0.77,-0.007336666666666666,49.96
04/09/2025 09:30:00,,0.77,-0.0072633333333333334,49.97666666666667
04/09/2025 10:00:00,,0.77,-0.007143333333333332,49.98
04/09/2025 10:30:00,,0.77,-0.00743,49.953333333333326
04/09/2025 11:00:00,,0.77,-0.0072699999999999996,49.94
04/09/2025 11:30:00,,0.77,-0.007063333333333334,49.99
04/09/2025 12:00:00,,0.77,-0.007183333333333333,49.949999999999996
04/09/2025 12:30:00,,0.77,-0.007106666666666667,50.06
04/09/2025 13:00:00,,0.77,-0.00716,49.89333333333334
04/09/2025 13:30:00,,0.77,-0.007153333333333334,50.03
04/09/2025 14:00:00,,0.77,-0.007273333333333333,50.03666666666667
04/09/2025 14:30:00,,0.77,-0.00726,50.03666666666666
04/09/2025 15:00:00,,0.77,-0.007136666666666666,50.04333333333333
04/09/2025 15:30:00,,0.77,-0.0071133333333333335,50.10333333333333
04/09/2025 16:00:00,,0.77,-0.007306666666666667,50.03
04/09/2025 16:30:00,,0.77,-0.0075066666666666676,49.99
04/09/2025 17:00:00,,0.77,-0.00758,50.02333333333333
04/09/2025 17:30:00,,0.77,-0.007476666666666666,49.96666666666667
04/09/2025 18:00:00,,0.77,-0.00758,50.050000000000004
04/09/2025 18:30:00,,0.77,-0.00761,49.99666666666667
04/09/2025 19:00:00,,0.77,-0.0076300000000000005,49.970000000000006
04/09/2025 19:30:00,,0.77,-0.007353333333333333,49.973333333333336
04/09/2025 20:00:00,,0.77,-0.007673333333333333,50.02666666666667
04/09/2025 20:30:00,,0.77,-0.00716,49.97
04/09/2025 21:00:00,,0.77,-0.007216666666666666,50.06666666666666
04/09/2025 21:30:00,,0.77,-0.007223333333333334,49.946666666666665
04/09/2025 22:00:00,,0.77,-0.007353333333333333,50.04333333333333
04/09/2025 22:30:00,,0.77,-0.007316666666666666,50.07333333333333
04/09/2025 23:00:00,,0.77,-0.007030000000000001,50.03666666666667
04/09/2025 23:30:00,,0.77,-0.006940000000000001,49.949999999999996
05/09/2025 00:00:00,,0.77,-0.007113333333333333,50.04333333333333
05/09/2025 00:30:00,,0.77,-0.00707,49.919999999999995
05/09/2025 01:00:00,,0.77,-0.006986666666666666,50.07
05/09/2025 01:30:00,,0.77,-0.006896666666666666,49.96
05/09/2025 02:00:00,,0.77,-0.0070533333333333325,50.050000000000004
05/09/2025 02:30:00,,0.77,-0.006816666666666666,49.98666666666667
05/09/2025 03:00:00,,0.77,-0.006833333333333334,49.99666666666667
05/09/2025 03:30:00,,0.77,-0.00739,50.00333333333333
05/09/2025 04:00:00,,0.77,-0.006966666666666667,50.026666666666664
05/09/2025 04:30:00,,0.77,-0.006993333333333333,49.99
05/09/2025 05:00:00,,0.77,-0.007006666666666667,50.026666666666664
05/09/2025 05:30:00,,0.77,-0.00706,50.0
05/09/2025 06:00:00,,0.77,-0.007313333333333332,50.01
05/09/2025 06:30:00,,0.77,-0.0069500000000000004,49.943333333333335
05/09/2025 07:00:00,,0.77,-0.0073999999999999995,50.00333333333333
05/09/2025 07:30:00,,0.77,-0.00698,49.99666666666667
05/09/2025 08:00:00,,0.77,-0.007016666666666667,49.916666666666664
05/09/2025 08:30:00,,0.77,-0.007216666666666667,50.00666666666666
05/09/2025 09:00:00,,0.77,-0.007183333333333333,50.11666666666667
05/09/2025 09:30:00,,0.77,-0.007076666666666666,50.11000000000001
05/09/2025 10:00:00,,0.77,-0.007226666666666667,50.03666666666667
05/09/2025 10:30:00,,0.77,-0.007363333333333333,50.01666666666667
05/09/2025 11:00:00,,0.77,-0.007456666666666667,49.96
05/09/2025 11:30:00,,0.77,-0.00738,49.97
05/09/2025 12:00:00,,0.77,-0.007553333333333333,50.03666666666666
05/09/2025 12:30:00,,0.77,-0.007366666666666666,49.88999999999999
05/09/2025 13:00:00,,0.77,-0.007556666666666666,50.02
05/09/2025 13:30:00,,0.77,-0.007346666666666667,50.02333333333333
05/09/2025 14:00:00,,0.77,-0.007426666666666667,50.05666666666667
05/09/2025 14:30:00,,0.77,-0.007476666666666666,50.083333333333336
05/09/2025 15:00:00,,0.77,-0.007396666666666667,50.083333333333336
05/09/2025 15:30:00,,0.77,-0.007333333333333333,50.03333333333334
05/09/2025 16:00:00,,1.0,-0.008606666666666667,49.91333333333333
05/09/2025 16:30:00,,,-0.00769,49.91
05/09/2025 17:00:00,,0.87,-0.28564,49.92666666666667
05/09/2025 17:30:00,,7.64,-1.75727,49.94666666666666
05/09/2025 18:00:00,,15.06,-1.5301633333333333,49.913333333333334
05/09/2025 18:30:00,,14.99,0.0014733333333333334,50.026666666666664
05/09/2025 19:00:00,,15.77,0.0015766666666666665,50.050000000000004
05/09/2025 19:30:00,,15.43,0.00161,50.04333333333333
05/09/2025 20:00:00,,14.75,0.0016166666666666666,50.01666666666667
05/09/2025 20:30:00,,14.18,0.0015000000000000002,49.93666666666667
05/09/2025 21:00:00,,13.52,0.00151,49.946666666666665
05/09/2025 21:30:00,,12.98,0.0015733333333333335,49.96
05/09/2025 22:00:00,,12.5,0.0016733333333333333,50.02666666666667
05/09/2025 22:30:00,,12.19,0.001673333333333333,49.94333333333333
05/09/2025 23:00:00,,11.66,0.0016300000000000002,49.946666666666665
05/09/2025 23:30:00,,11.35,0.0017066666666666664,50.02333333333333
06/09/2025 00:00:00,,11.03,0.0017366666666666665,50.04666666666666
06/09/2025 00:30:00,,10.69,0.0016233333333333334,49.95333333333334
06/09/2025 01:00:00,,10.46,0.00141,50.01333333333333
06/09/2025 01:30:00,,10.11,0.0016,49.95333333333334
06/09/2025 02:00:00,,9.86,0.00158,49.94333333333333
06/09/2025 02:30:00,,9.46,0.0015933333333333335,49.946666666666665
06/09/2025 03:00:00,,9.17,0.0016899999999999999,49.949999999999996
06/09/2025 03:30:00,,8.89,0.0018033333333333332,50.05666666666667
06/09/2025 04:00:00,,8.67,0.0016899999999999999,49.95000000000001
06/09/2025 04:30:00,,8.37,0.00142,49.95666666666667
06/09/2025 05:00:00,,8.01,0.00143,50.01333333333333
06/09/2025 05:30:00,,7.82,0.0015500000000000002,49.949999999999996
06/09/2025 06:00:00,,7.42,0.0015866666666666668,49.95333333333334
06/09/2025 06:30:00,,7.2,0.0016433333333333335,50.00333333333333
06/09/2025 07:00:00,,6.93,0.0014333333333333333,49.99333333333333
06/09/2025 07:30:00,,6.68,0.0015633333333333332,50.06666666666666
06/09/2025 08:00:00,,6.38,0.0016466666666666667,49.96666666666667
06/09/2025 08:30:00,,6.1,0.0018833333333333332,50.11333333333334
06/09/2025 09:00:00,,5.91,0.00156,50.00333333333333
06/09/2025 09:30:00,,5.5,0.00172,50.096666666666664
06/09/2025 10:00:00,,5.32,0.0018200000000000002,50.07333333333333
06/09/2025 10:30:00,,5.15,0.0016499999999999998,50.00333333333333
06/09/2025 11:00:00,,4.92,0.0017766666666666668,50.11333333333334
06/09/2025 11:30:00,,4.62,0.0017066666666666669,50.083333333333336
06/09/2025 12:00:00,,4.41,0.0016766666666666666,50.10666666666666
06/09/2025 12:30:00,,4.18,0.0015033333333333333,49.94
06/09/2025 13:00:00,,4.21,0.0015533333333333334,49.93333333333334
06/09/2025 13:30:00,,3.92,0.0017166666666666667,50.02666666666667
06/09/2025 14:00:00,,3.73,0.00171,50.093333333333334
06/09/2025 14:30:00,,3.58,0.00149,49.95666666666667
06/09/2025 15:00:00,,3.44,0.00168,50.07666666666666
06/09/2025 15:30:00,,3.33,0.0016933333333333331,49.98
06/09/2025 16:00:00,,3.25,0.0017666666666666666,49.96333333333334
06/09/2025 16:30:00,,2.96,0.0017699999999999999,50.02
06/09/2025 17:00:00,,2.93,0.0017433333333333335,49.97333333333333
06/09/2025 17:30:00,,2.79,0.0016300000000000002,49.93666666666667
06/09/2025 18:00:00,,2.57,0.0016766666666666666,49.94
06/09/2025 18:30:00,,2.37,0.0016033333333333333,49.876666666666665
06/09/2025 19:00:00,,2.32,0.00166,49.919999999999995
06/09/2025 19:30:00,,2.18,0.00166,49.916666666666664
06/09/2025 20:00:00,,2.04,0.0016433333333333335,49.913333333333334
06/09/2025 20:30:00,,1.96,0.0017466666666666665,49.97666666666667
06/09/2025 21:00:00,,1.93,0.00166,49.99666666666667
06/09/2025 21:30:00,,1.7,0.0017666666666666666,50.02666666666667
06/09/2025 22:00:00,,1.44,0.0016733333333333333,49.949999999999996
06/09/2025 22:30:00,,1.56,0.0017633333333333331,50.083333333333336
06/09/2025 23:00:00,,1.43,0.0017066666666666664,50.01666666666666
06/09/2025 23:30:00,,1.4,0.0015366666666666664,49.95000000000001
07/09/2025 00:00:00,,1.28,0.00154,49.913333333333334
07/09/2025 00:30:00,,1.3,0.0015433333333333334,49.98
07/09/2025 01:00:00,,1.22,0.0014799999999999998,49.92666666666667
07/09/2025 01:30:00,,1.2,0.001423333333333333,49.94
07/09/2025 02:00:00,,1.17,0.0015199999999999999,49.99333333333334
07/09/2025 02:30:00,,1.07,0.0013966666666666667,49.93333333333334
07/09/2025 03:00:00,,1.05,0.0014600000000000001,49.96333333333333
07/09/2025 03:30:00,,1.07,0.0013166666666666665,49.946666666666665
07/09/2025 04:00:00,,1.05,0.00145,50.026666666666664
07/09/2025 04:30:00,,1.05,0.0013499999999999999,49.99666666666667
07/09/2025 05:00:00,,1.02,0.0012266666666666667,49.916666666666664
07/09/2025 05:30:00,,1.02,0.001326666666666667,50.02333333333333
07/09/2025 06:00:00,,1.0,0.00124,49.95333333333334
07/09/2025 06:30:00,,1.0,0.00129,49.973333333333336
07/09/2025 07:00:00,,1.0,0.0013933333333333332,49.99666666666667
07/09/2025 07:30:00,,1.0,0.0012933333333333332,49.98333333333334
07/09/2025 08:00:00,,1.0,0.0013133333333333332,49.93333333333334
07/09/2025 08:30:00,,1.0,0.0015066666666666666,49.96333333333334
07/09/2025 09:00:00,,1.0,0.0014733333333333334,49.95333333333334
07/09/2025 09:30:00,,1.03,0.0015733333333333335,50.02666666666667
07/09/2025 10:00:00,,1.0,0.00155,49.916666666666664
07/09/2025 10:30:00,,1.0,0.0018166666666666667,50.01333333333333
07/09/2025 11:00:00,,1.0,0.0019399999999999999,49.96666666666667
07/09/2025 11:30:00,,1.0,0.0018466666666666666,49.97666666666667
07/09/2025 12:00:00,,1.0,0.0019566666666666665,49.973333333333336
07/09/2025 12:30:00,,1.0,0.0018066666666666665,49.95333333333334
07/09/2025 13:00:00,,1.0,0.002003333333333333,50.00666666666667
07/09/2025 13:30:00,,1.0,0.0019233333333333333,50.03666666666666
07/09/2025 14:00:00,,1.0,0.002,50.01666666666667
07/09/2025 14:30:00,,1.0,0.001963333333333333,49.98333333333333
07/09/2025 15:00:00,,1.0,0.0018633333333333334,50.0
07/09/2025 15:30:00,,1.0,0.0018533333333333336,50.02
07/09/2025 16:00:00,,1.0,0.001983333333333333,50.14333333333334
07/09/2025 16:30:00,,1.0,0.0017766666666666666,49.98333333333333
07/09/2025 17:00:00,,1.0,0.0017733333333333334,50.01
07/09/2025 17:30:00,,1.0,0.0016366666666666667,49.913333333333334
07/09/2025 18:00:00,,1.0,0.0016166666666666666,49.916666666666664
07/09/2025 18:30:00,,1.0,0.00177,50.02
07/09/2025 19:00:00,,1.0,0.0016966666666666666,49.97666666666667
07/09/2025 19:30:00,,1.0,0.0016933333333333334,49.949999999999996
07/09/2025 20:00:00,,1.0,0.0016933333333333334,49.95333333333334
07/09/2025 20:30:00,,1.0,0.0016433333333333335,49.96666666666667
07/09/2025 21:00:00,,1.0,0.0010233333333333333,49.98
07/09/2025 21:30:00,,1.0,0.0004766666666666667,49.913333333333334
07/09/2025 22:00:00,,1.0,0.00027666666666666665,49.97
07/09/2025 22:30:00,,1.0,0.0006166666666666666,50.09
07/09/2025 23:00:00,,1.0,0.00062,50.03
07/09/2025 23:30:00,,1.0,0.00047,49.89000000000001
08/09/2025 00:00:00,,1.0,-0.00067,50.050000000000004
08/09/2025 00:30:00,,1.0,-0.0007966666666666666,50.04333333333333
08/09/2025 01:00:00,,1.0,-0.0009633333333333333,49.953333333333326
08/09/2025 01:30:00,,1.0,-0.0008,49.923333333333325
08/09/2025 02:00:00,,1.0,-0.0008,50.06333333333333
08/09/2025 02:30:00,,1.0,-0.00083,50.00333333333333
08/09/2025 03:00:00,,1.0,-0.0009599999999999999,49.96666666666667
08/09/2025 03:30:00,,1.0,-0.0007933333333333334,50.05666666666667
08/09/2025 04:00:00,,1.0,-0.0009833333333333335,49.92666666666667
08/09/2025 04:30:00,,1.0,-0.00062,49.973333333333336
08/09/2025 05:00:00,,1.0,-0.006306666666666666,49.96333333333334
08/09/2025 05:30:00,,1.0,-0.004823333333333333,50.056666666666665
08/09/2025 06:00:00,,1.0,-0.0038666666666666663,50.01
08/09/2025 06:30:00,,1.0,-0.00383,50.07
08/09/2025 07:00:00,,1.0,-0.004116666666666667,49.98333333333334
08/09/2025 07:30:00,,1.0,-0.0038833333333333337,50.0
08/09/2025 08:00:00,,1.0,-0.007613333333333333,50.11000000000001
08/09/2025 08:30:00,,1.0,-0.008486666666666667,50.126666666666665
08/09/2025 09:00:00,,1.0,-0.006953333333333333,50.076666666666675
08/09/2025 09:30:00,,1.0,-0.0068266666666666675,50.083333333333336
08/09/2025 10:00:00,,1.0,-0.00683,50.10999999999999
08/09/2025 10:30:00,,1.0,-0.006936666666666667,50.07333333333333
08/09/2025 11:00:00,,1.0,-0.006986666666666666,50.02666666666667
08/09/2025 11:30:00,,1.0,-0.007003333333333334,50.053333333333335
08/09/2025 12:00:00,,1.0,-0.006763333333333334,50.01
08/09/2025 12:30:00,,1.0,-0.006753333333333333,50.02333333333333
08/09/2025 13:00:00,,1.0,-0.006896666666666666,49.98
08/09/2025 13:30:00,,1.0,-0.00696,50.03333333333333
08/09/2025 14:00:00,,1.0,-0.006913333333333334,50.0
08/09/2025 14:30:00,,1.0,-0.006939999999999999,50.053333333333335
08/09/2025 15:00:00,,1.0,-0.006876666666666666,49.97666666666667
08/09/2025 15:30:00,,1.0,-0.006903333333333334,49.93
08/09/2025 16:00:00,,1.0,-0.006916666666666666,49.916666666666664
08/09/2025 16:30:00,,1.0,-0.006880000000000001,49.99
08/09/2025 17:00:00,,1.0,-0.0067866666666666665,49.96
08/09/2025 17:30:00,,1.0,-0.006966666666666667,50.01333333333333
08/09/2025 18:00:00,,1.0,-0.0069299999999999995,50.04666666666666
08/09/2025 18:30:00,,1.0,-0.007003333333333334,49.99333333333334
08/09/2025 19:00:00,,1.0,-0.00687,50.03333333333333
08/09/2025 19:30:00,,1.0,-0.0068000000000000005,50.046666666666674
08/09/2025 20:00:00,,1.0,-0.0069566666666666666,49.99333333333334
08/09/2025 20:30:00,,1.0,-0.00742,49.95333333333334
08/09/2025 21:00:00,,1.0,-0.00742,50.093333333333334
08/09/2025 21:30:00,,1.0,-0.007586666666666666,49.95666666666667
08/09/2025 22:00:00,,1.0,-0.007050000000000001,50.01666666666667
08/09/2025 22:30:00,,1.0,-0.00747,49.98
08/09/2025 23:00:00,,1.0,-0.0075,50.02333333333333
08/09/2025 23:30:00,,1.0,-0.0074399999999999996,50.086666666666666
09/09/2025 00:00:00,,1.0,-0.007513333333333334,49.93666666666667
09/09/2025 00:30:00,,1.0,-0.007463333333333333,49.916666666666664
09/09/2025 01:00:00,,1.0,-0.007396666666666667,50.093333333333334
09/09/2025 01:30:00,,1.0,-0.007616666666666667,49.906666666666666
09/09/2025 02:00:00,,1.0,-0.0072900000000000005,49.99
09/09/2025 02:30:00,,1.0,-0.007483333333333332,49.96
09/09/2025 03:00:00,,1.0,-0.007166666666666666,50.00666666666666
09/09/2025 03:30:00,,1.0,-0.007489999999999999,49.91
09/09/2025 04:00:00,,1.0,-0.007356666666666667,49.97
09/09/2025 04:30:00,,1.0,-0.00715,50.11333333333334
09/09/2025 05:00:00,,1.0,-0.007023333333333334,49.949999999999996
09/09/2025 05:30:00,,1.0,-0.006716666666666667,49.96666666666667
09/09/2025 06:00:00,,1.0,-0.006853333333333333,49.94333333333333
09/09/2025 06:30:00,,1.0,-0.007223333333333334,49.94333333333333
09/09/2025 07:00:00,,1.0,-0.006913333333333334,49.96
09/09/2025 07:30:00,,1.0,-0.007096666666666667,49.98
09/09/2025 08:00:00,,1.0,-0.00721,49.98
09/09/2025 08:30:00,,1.0,-0.006613333333333333,50.00333333333333
09/09/2025 09:00:00,,1.0,-0.006666666666666667,50.06
09/09/2025 09:30:00,,1.0,-0.006526666666666667,50.026666666666664
09/09/2025 10:00:00,,1.0,-0.006259999999999999,50.086666666666666
09/09/2025 10:30:00,,1.0,-0.0066166666666666665,49.96666666666666
09/09/2025 11:00:00,,1.0,-0.006563333333333333,50.01
09/09/2025 11:30:00,,1.0,-0.00713,49.94
09/09/2025 12:00:00,,1.0,-0.007163333333333334,49.98
09/09/2025 12:30:00,,1.0,-0.007273333333333333,49.93
09/09/2025 13:00:00,,1.0,-0.00726,49.96
09/09/2025 13:30:00,,1.0,-0.007109999999999999,50.02
09/09/2025 14:00:00,,1.0,-0.00713,49.973333333333336
09/09/2025 14:30:00,,1.0,-0.007363333333333333,49.95666666666667
09/09/2025 15:00:00,,1.0,-0.00713,49.93333333333334
09/09/2025 15:30:00,,1.0,-0.007116666666666667,49.98666666666667
09/09/2025 16:00:00,,1.0,-0.006999999999999999,50.00333333333333
09/09/2025 16:30:00,,1.0,-0.00704,49.9
09/09/2025 17:00:00,,1.0,-0.007163333333333334,49.93666666666667
09/09/2025 17:30:00,,1.0,-0.007670000000000001,50.00666666666666
09/09/2025 18:00:00,,1.0,-0.007813333333333334,50.03666666666667
09/09/2025 18:30:00,,1.0,-0.007783333333333333,49.89333333333334
09/09/2025 19:00:00,,1.0,-0.0072766666666666665,49.93333333333333
09/09/2025 19:30:00,,1.0,-0.006876666666666666,50.06666666666666
09/09/2025 20:00:00,,1.0,-0.006853333333333334,50.086666666666666
09/09/2025 20:30:00,,1.0,-0.007153333333333334,50.129999999999995
09/09/2025 21:00:00,,1.0,-0.007473333333333333,50.120000000000005
09/09/2025 21:30:00,,1.0,-0.007633333333333333,50.096666666666664
09/09/2025 22:00:00,,1.0,-0.007143333333333334,50.07333333333333
09/09/2025 22:30:00,,1.0,-0.007713333333333333,50.029999999999994
09/09/2025 23:00:00,,1.0,-0.0075433333333333324,50.06
09/09/2025 23:30:00,,1.0,-0.007133333333333333,50.09
10/09/2025 00:00:00,,1.0,-0.006883333333333334,50.04666666666666
10/09/2025 00:30:00,,1.0,-0.007033333333333333,49.949999999999996
10/09/2025 01:00:00,,1.0,-0.0067866666666666665,49.98333333333333
10/09/2025 01:30:00,,1.0,-0.0068266666666666675,49.96333333333334
10/09/2025 02:00:00,,1.0,-0.006626666666666666,50.1
10/09/2025 02:30:00,,1.0,-0.007203333333333333,50.050000000000004
10/09/2025 03:00:00,,1.0,-0.007330000000000001,49.96
10/09/2025 03:30:00,,1.0,-0.007456666666666667,49.98666666666666
10/09/2025 04:00:00,,1.0,-0.00683,50.086666666666666
10/09/2025 04:30:00,,1.0,-0.006876666666666667,50.00333333333333
10/09/2025 05:00:00,,0.98,-0.006646666666666666,50.10666666666666
10/09/2025 05:30:00,,0.98,-0.007166666666666666,50.07
10/09/2025 06:00:00,,0.98,-0.007019999999999999,50.06666666666666
10/09/2025 06:30:00,,0.98,-0.007246666666666666,50.0
10/09/2025 07:00:00,,0.98,-0.007226666666666667,49.98333333333333
10/09/2025 07:30:00,,0.98,-0.00722,49.95666666666667
10/09/2025 08:00:00,,0.98,-0.00732,49.92333333333334
10/09/2025 08:30:00,,0.98,-0.00731,49.973333333333336
10/09/2025 09:00:00,,0.98,-0.007326666666666666,49.913333333333334
10/09/2025 09:30:00,,0.98,-0.007193333333333334,49.94333333333333
10/09/2025 10:00:00,,0.98,-0.007146666666666667,50.03666666666666
10/09/2025 10:30:00,,0.98,-0.007296666666666667,49.95666666666667
10/09/2025 11:00:00,,0.98,-0.0074399999999999996,50.02
10/09/2025 11:30:00,,0.98,-0.007556666666666667,49.96666666666667
10/09/2025 12:00:00,,0.98,-0.007723333333333333,50.06999999999999
10/09/2025 12:30:00,,0.98,-0.007646666666666667,49.946666666666665
10/09/2025 13:00:00,,0.98,-0.0077866666666666666,49.93333333333334
10/09/2025 13:30:00,,0.77,-0.00797,49.96333333333334
10/09/2025 14:00:00,,0.77,-0.007826666666666668,50.01
10/09/2025 14:30:00,,0.77,-0.007899999999999999,49.94333333333333
10/09/2025 15:00:00,,0.77,-0.007913333333333335,50.02666666666667
10/09/2025 15:30:00,,0.77,-0.007866666666666668,50.04
10/09/2025 16:00:00,,0.77,-0.0076300000000000005,49.916666666666664
10/09/2025 16:30:00,,0.77,-0.007913333333333335,49.96666666666667
10/09/2025 17:00:00,,0.77,-0.007916666666666667,50.04333333333333
10/09/2025 17:30:00,,0.77,-0.007850000000000001,49.94333333333333
10/09/2025 18:00:00,,0.77,-0.007833333333333333,50.00666666666667
10/09/2025 18:30:00,,0.77,-0.007606666666666667,50.03666666666667
10/09/2025 19:00:00,,0.77,-0.007566666666666666,49.946666666666665
10/09/2025 19:30:00,,0.77,-0.0075066666666666676,49.949999999999996
10/09/2025 20:00:00,,0.77,-0.007453333333333333,50.01333333333334
10/09/2025 20:30:00,,0.77,-0.00747,49.99666666666667
10/09/2025 21:00:00,,0.77,-0.0074466666666666665,49.98
10/09/2025 21:30:00,,0.77,-0.007393333333333334,49.96
10/09/2025 22:00:00,,0.77,-0.007523333333333333,50.02333333333333
10/09/2025 22:30:00,,0.77,-0.007616666666666667,49.99333333333334
10/09/2025 23:00:00,,0.77,-0.007276666666666667,50.053333333333335
10/09/2025 23:30:00,,0.77,-0.0071666666666666675,49.99
11/09/2025 00:00:00,,0.77,-0.007473333333333334,50.120000000000005
11/09/2025 00:30:00,,0.77,-0.00732,50.03333333333333
11/09/2025 01:00:00,,0.77,-0.006953333333333333,50.04333333333333
11/09/2025 01:30:00,,0.77,-0.006893333333333334,50.086666666666666
11/09/2025 02:00:00,,0.77,-0.006836666666666667,50.076666666666675
11/09/2025 02:30:00,,0.77,-0.007613333333333333,49.98
11/09/2025 03:00:00,,0.77,-0.0070799999999999995,50.11666666666667
11/09/2025 03:30:00,,0.77,-0.007613333333333333,50.01
11/09/2025 04:00:00,,0.77,-0.007533333333333334,50.11000000000001
11/09/2025 04:30:00,,0.77,-0.007200000000000001,49.97666666666666
11/09/2025 05:00:00,,0.77,-0.007416666666666666,49.98
11/09/2025 05:30:00,,0.77,-0.0071066666666666665,50.0
11/09/2025 06:00:00,,0.77,-0.00721,50.01666666666666
11/09/2025 06:30:00,,0.77,-0.007266666666666667,49.96666666666666
11/09/2025 07:00:00,,0.77,-0.007386666666666666,50.03333333333334
11/09/2025 07:30:00,,0.77,-0.007133333333333333,49.93666666666667
11/09/2025 08:00:00,,0.77,-0.007023333333333333,49.97
11/09/2025 08:30:00,,0.77,-0.007360000000000001,49.98333333333334
11/09/2025 09:00:00,,0.77,-0.007190000000000001,49.95666666666667
11/09/2025 09:30:00,,0.77,-0.0070999999999999995,50.04
11/09/2025 10:00:00,,0.77,-0.007006666666666667,50.03333333333333
11/09/2025 10:30:00,,0.77,-0.007023333333333333,50.01666666666667
11/09/2025 11:00:00,,0.77,-0.0069500000000000004,49.99666666666667
11/09/2025 11:30:00,,0.77,-0.007203333333333333,49.923333333333325
11/09/2025 12:00:00,,0.77,-0.007276666666666667,50.00666666666666
11/09/2025 12:30:00,,0.77,-0.00756,49.92333333333334
11/09/2025 13:00:00,,0.77,-0.007253333333333334,50.04999999999999
11/09/2025 13:30:00,,0.77,-0.006903333333333333,50.01
11/09/2025 14:00:00,,0.77,-0.007086666666666667,50.02
11/09/2025 14:30:00,,0.54,-0.007246666666666668,50.03333333333333
11/09/2025 15:00:00,,1.0,-0.008393333333333334,50.01000000000001
11/09/2025 15:30:00,,,-0.006509999999999999,50.04333333333333
11/09/2025 16:00:00,,0.77,-0.006679999999999999,49.94
11/09/2025 16:30:00,,0.77,-0.006586666666666667,49.98
11/09/2025 17:00:00,,0.77,-0.00672,49.93333333333333
11/09/2025 17:30:00,,0.77,-0.006636666666666667,49.96
11/09/2025 18:00:00,,0.77,-0.006770000000000001,49.98333333333333
11/09/2025 18:30:00,,0.77,-0.006803333333333332,49.89666666666667
11/09/2025 19:00:00,,0.77,-0.006826666666666666,50.00333333333333
11/09/2025 19:30:00,,0.77,-0.0067599999999999995,50.0
11/09/2025 20:00:00,,0.77,-0.006646666666666666,50.0
11/09/2025 20:30:00,,0.77,-0.00671,50.02
11/09/2025 21:00:00,,0.77,-0.006823333333333334,49.96333333333333
11/09/2025 21:30:00,,0.77,-0.00665,49.97666666666667
11/09/2025 22:00:00,,0.77,-0.006936666666666667,50.03666666666667
11/09/2025 22:30:00,,0.77,-0.0067599999999999995,50.01333333333333
11/09/2025 23:00:00,,0.77,-0.00673,50.080000000000005
11/09/2025 23:30:00,,0.77,-0.006536666666666666,50.083333333333336
12/09/2025 00:00:00,,0.77,-0.006536666666666666,50.04
12/09/2025 00:30:00,,0.77,-0.006546666666666666,50.01
12/09/2025 01:00:00,,0.77,-0.006600000000000001,49.99666666666667
12/09/2025 01:30:00,,0.77,-0.006509999999999999,50.04666666666666
12/09/2025 02:00:00,,0.77,-0.006666666666666667,50.01333333333334
12/09/2025 02:30:00,,0.77,-0.00658,50.053333333333335
12/09/2025 03:00:00,,0.77,-0.006620000000000001,50.10999999999999
12/09/2025 03:30:00,,0.77,-0.006226666666666668,50.07333333333333
12/09/2025 04:00:00,,0.77,-0.006433333333333333,50.026666666666664
12/09/2025 04:30:00,,0.77,-0.006600000000000001,49.96333333333333
12/09/2025 05:00:00,,0.77,-0.00664,49.96
12/09/2025 05:30:00,,0.77,-0.006599999999999999,49.98
12/09/2025 06:00:00,,0.77,-0.006323333333333334,49.96
12/09/2025 06:30:00,,0.77,-0.006683333333333333,49.910000000000004
12/09/2025 07:00:00,,0.77,-0.006686666666666667,49.913333333333334
12/09/2025 07:30:00,,0.77,-0.006456666666666667,49.946666666666665
12/09/2025 08:00:00,,0.77,-0.006373333333333332,50.083333333333336
12/09/2025 08:30:00,,0.77,-0.00628,50.03
12/09/2025 09:00:00,,0.77,-0.00649,50.03333333333333
12/09/2025 09:30:00,,0.77,-0.006293333333333334,50.0
12/09/2025 10:00:00,,0.77,-0.006383333333333334,50.04
12/09/2025 10:30:00,,0.77,-0.006646666666666666,49.949999999999996
12/09/2025 11:00:00,,0.77,-0.006656666666666666,50.02
12/09/2025 11:30:00,,0.77,-0.006753333333333333,50.00333333333333
12/09/2025 12:00:00,,0.77,-0.006843333333333333,50.0
12/09/2025 12:30:00,,0.77,-0.0069700000000000005,49.916666666666664
12/09/2025 13:00:00,,1.02,-0.5532900000000001,50.01666666666667
12/09/2025 13:30:00,,8.96,-1.7587766666666667,49.9
12/09/2025 14:00:00,,17.67,-1.76192,50.02
12/09/2025 14:30:00,,32.17,-2.99872,49.96666666666667
12/09/2025 15:00:00,,49.51,-3.5481266666666667,49.98
12/09/2025 15:30:00,,66.93,-3.548246666666667,49.97
12/09/2025 16:00:00,,84.02,-3.548626666666667,49.98333333333333
12/09/2025 16:30:00,,93.99,-2.1295733333333335,50.01
12/09/2025 17:00:00,,93.82,0.00185,49.94
12/09/2025 17:30:00,,93.72,0.0021,50.026666666666664
12/09/2025 18:00:00,,93.6,0.0020466666666666667,49.94333333333333
12/09/2025 18:30:00,,93.42,0.0020199999999999997,49.97333333333333
12/09/2025 19:00:00,,93.32,0.00196,49.97333333333333
12/09/2025 19:30:00,,93.2,0.0020933333333333333,50.0
12/09/2025 20:00:00,,93.08,0.00203,49.970000000000006
12/09/2025 20:30:00,,92.95,0.0020599999999999998,50.06333333333333
12/09/2025 21:00:00,,92.8,0.002116666666666667,50.096666666666664
12/09/2025 21:30:00,,92.65,0.0020833333333333333,50.00666666666667
12/09/2025 22:00:00,,92.55,0.0019366666666666666,49.96333333333333
12/09/2025 22:30:00,,92.45,0.0019966666666666666,49.97666666666667
12/09/2025 23:00:00,,92.31,0.00197,50.053333333333335
12/09/2025 23:30:00,,92.21,0.0019500000000000001,50.02
13/09/2025 00:00:00,,92.03,0.0018466666666666666,49.99666666666667
13/09/2025 00:30:00,,91.88,0.0019033333333333333,49.98999999999999
13/09/2025 01:00:00,,91.78,0.0018199999999999998,50.00333333333333
13/09/2025 01:30:00,,91.66,0.0017833333333333332,49.98666666666667
13/09/2025 02:00:00,,91.53,0.0018199999999999998,49.96666666666667
13/09/2025 02:30:00,,91.43,0.0017933333333333334,49.919999999999995
13/09/2025 03:00:00,,91.24,0.00185,49.96
13/09/2025 03:30:00,,91.11,0.00199,50.093333333333334
13/09/2025 04:00:00,,90.99,0.00191,50.026666666666664
13/09/2025 04:30:00,,90.87,0.0017633333333333335,49.93333333333334
13/09/2025 05:00:00,,90.74,0.0016633333333333333,50.05666666666667
13/09/2025 05:30:00,,90.57,0.0018100000000000002,49.93333333333334
13/09/2025 06:00:00,,90.47,0.0017333333333333333,49.96333333333333
13/09/2025 06:30:00,,90.29,0.00187,50.06333333333333
13/09/2025 07:00:00,,90.17,0.0018066666666666667,50.03333333333334
13/09/2025 07:30:00,,90.04,0.0018266666666666668,50.050000000000004
13/09/2025 08:00:00,,89.9,0.0015966666666666666,50.11333333333332
13/09/2025 08:30:00,,89.75,0.00168,49.94
13/09/2025 09:00:00,,89.62,0.0018066666666666665,50.03666666666667
13/09/2025 09:30:00,,89.5,0.0018799999999999997,50.026666666666664
13/09/2025 10:00:00,,89.35,0.0017333333333333333,49.97666666666667
13/09/2025 10:30:00,,89.22,0.00172,49.916666666666664
13/09/2025 11:00:00,,89.08,0.0018000000000000002,50.083333333333336
13/09/2025 11:30:00,,88.95,0.0016,49.96333333333333
13/09/2025 12:00:00,,88.78,0.0011866666666666666,49.98
13/09/2025 12:30:00,,88.65,0.0018766666666666665,50.02333333333333
13/09/2025 13:00:00,,88.53,0.0019399999999999999,50.080000000000005
13/09/2025 13:30:00,,88.35,0.0019466666666666666,50.120000000000005
13/09/2025 14:00:00,,88.2,0.0018166666666666667,50.02
13/09/2025 14:30:00,,88.05,0.0016066666666666666,49.9
13/09/2025 15:00:00,,87.93,0.00159,49.92666666666667
13/09/2025 15:30:00,,87.81,0.0016,49.97666666666667
13/09/2025 16:00:00,,87.68,0.00161,49.99666666666667
13/09/2025 16:30:00,,87.51,0.0015199999999999999,49.99666666666667
13/09/2025 17:00:00,,87.36,0.0015733333333333335,49.94666666666666
13/09/2025 17:30:00,,87.26,0.0014600000000000001,50.02666666666667
13/09/2025 18:00:00,,87.12,0.0015733333333333335,50.01333333333333
13/09/2025 18:30:00,,86.97,0.0014066666666666665,49.99
13/09/2025 19:00:00,,86.8,0.00147,49.95666666666667
13/09/2025 19:30:00,,86.7,0.0016566666666666665,50.04
13/09/2025 20:00:00,,86.52,0.0015199999999999999,49.93666666666667
13/09/2025 20:30:00,,86.4,0.00161,50.06
13/09/2025 21:00:00,,86.2,0.00157,50.07333333333333
13/09/2025 21:30:00,,86.07,0.00151,49.99666666666667
13/09/2025 22:00:00,,85.9,0.0015633333333333335,50.093333333333334
13/09/2025 22:30:00,,85.77,0.00143,50.02
13/09/2025 23:00:00,,85.65,0.00143,49.98
13/09/2025 23:30:00,,85.53,0.0014733333333333334,50.00333333333333
14/09/2025 00:00:00,,85.33,0.0014600000000000001,49.953333333333326
14/09/2025 00:30:00,,85.23,0.001556666666666667,50.00666666666667
14/09/2025 01:00:00,,85.08,0.0015500000000000002,50.04
14/09/2025 01:30:00,,84.9,0.0015533333333333334,49.98333333333333
14/09/2025 02:00:00,,84.73,0.0015433333333333334,49.97
14/09/2025 02:30:00,,84.61,0.001556666666666667,50.06
14/09/2025 03:00:00,,84.43,0.0012566666666666666,50.03
14/09/2025 03:30:00,,84.29,0.0015066666666666666,49.97
14/09/2025 04:00:00,,84.16,0.0014566666666666667,49.92333333333334
14/09/2025 04:30:00,,84.02,0.00147,49.916666666666664
14/09/2025 05:00:00,,83.89,0.0014933333333333333,49.97666666666667
14/09/2025 05:30:00,,83.72,0.0012766666666666666,50.03333333333334
14/09/2025 06:00:00,,83.59,0.0013000000000000002,49.99
14/09/2025 06:30:00,,83.44,0.0015500000000000002,50.053333333333335
14/09/2025 07:00:00,,83.29,0.0016433333333333332,50.00666666666667
14/09/2025 07:30:00,,83.14,0.0015199999999999999,50.00666666666667
14/09/2025 08:00:00,,82.94,0.0013266666666666667,50.02
14/09/2025 08:30:00,,82.82,0.00179,50.056666666666665
14/09/2025 09:00:00,,82.67,0.0018333333333333333,50.04
14/09/2025 09:30:00,,82.52,0.00189,49.99666666666667
14/09/2025 10:00:00,,82.35,0.0019433333333333334,50.01333333333334
14/09/2025 10:30:00,,82.22,0.0018866666666666667,50.07
14/09/2025 11:00:00,,82.05,0.0018633333333333332,49.98333333333333
14/09/2025 11:30:00,,81.93,0.0018766666666666665,49.96333333333333
14/09/2025 12:00:00,,81.75,0.0018833333333333332,49.99333333333334
14/09/2025 12:30:00,,81.63,0.0018733333333333334,49.916666666666664
14/09/2025 13:00:00,,81.5,0.0018733333333333334,49.95333333333334
14/09/2025 13:30:00,,81.33,0.0018166666666666667,49.98
14/09/2025 14:00:00,,81.2,0.0018566666666666668,50.046666666666674
14/09/2025 14:30:00,,81.08,0.0018033333333333332,50.0
14/09/2025 15:00:00,,80.88,0.0019366666666666664,50.04666666666666
14/09/2025 15:30:00,,80.76,0.002026666666666666,50.06666666666666
14/09/2025 16:00:00,,80.61,0.00204,50.06333333333333
14/09/2025 16:30:00,,80.43,0.0018666666666666666,49.93666666666667
14/09/2025 17:00:00,,80.26,0.00199,49.99666666666666
14/09/2025 17:30:00,,80.11,0.0020466666666666667,50.01
14/09/2025 18:00:00,,79.96,0.002303333333333333,50.04333333333333
14/09/2025 18:30:00,,79.82,0.0020466666666666667,49.916666666666664
14/09/2025 19:00:00,,79.62,0.0023066666666666665,49.99666666666666
14/09/2025 19:30:00,,79.52,0.0024533333333333334,49.946666666666665
14/09/2025 20:00:00,,79.34,0.0019533333333333334,49.903333333333336
14/09/2025 20:30:00,,79.17,0.00248,49.98666666666667
14/09/2025 21:00:00,,79.0,0.00209,50.04333333333333
14/09/2025 21:30:00,,78.85,0.00231,49.916666666666664
14/09/2025 22:00:00,,78.7,0.0023599999999999997,50.01666666666667
14/09/2025 22:30:00,,78.53,0.0017933333333333332,49.93333333333334
14/09/2025 23:00:00,,78.38,0.001956666666666667,49.96666666666666
14/09/2025 23:30:00,,78.23,0.001963333333333333,49.99666666666667
15/09/2025 00:00:00,,78.08,0.0018233333333333333,49.913333333333334
15/09/2025 00:30:00,,77.93,0.00199,49.949999999999996
15/09/2025 01:00:00,,77.78,0.002003333333333333,50.03
15/09/2025 01:30:00,,77.61,0.001956666666666667,49.943333333333335
15/09/2025 02:00:00,,77.49,0.0019466666666666666,49.949999999999996
15/09/2025 02:30:00,,77.34,0.0018233333333333337,49.98
15/09/2025 03:00:00,,77.17,0.00202,50.04666666666666
15/09/2025 03:30:00,,77.02,0.0019799999999999996,50.05666666666667
15/09/2025 04:00:00,,76.87,0.0020066666666666666,50.03666666666667
15/09/2025 04:30:00,,76.69,0.0019466666666666666,49.94333333333333
15/09/2025 05:00:00,,76.55,0.0019533333333333334,49.99666666666666
15/09/2025 05:30:00,,76.4,0.0019800000000000004,49.99333333333334
15/09/2025 06:00:00,,76.22,0.0019866666666666665,49.95333333333334
15/09/2025 06:30:00,,76.05,0.002033333333333333,49.94
15/09/2025 07:00:00,,75.87,0.0020133333333333336,49.91
15/09/2025 07:30:00,,75.72,0.001993333333333333,49.910000000000004
15/09/2025 08:00:00,,75.6,0.0020399999999999997,49.96666666666666
15/09/2025 08:30:00,,75.43,0.0020733333333333333,50.07333333333333
15/09/2025 09:00:00,,75.23,0.00196,50.0
15/09/2025 09:30:00,,75.13,0.00204,50.01666666666666
15/09/2025 10:00:00,,75.03,0.0009366666666666667,50.07
15/09/2025 10:30:00,,75.03,0.0,50.06
15/09/2025 11:00:00,,75.03,0.0,49.99333333333333
15/09/2025 11:30:00,,75.03,0.0,50.07333333333333
15/09/2025 12:00:00,,75.03,0.0,50.01666666666667
15/09/2025 12:30:00,,75.03,0.0,50.00333333333333
15/09/2025 13:00:00,,75.03,0.0,50.01333333333333
15/09/2025 13:30:00,,75.03,0.0,49.93333333333334
15/09/2025 14:00:00,,75.0,0.0,50.129999999999995
15/09/2025 14:30:00,,75.0,0.0,49.943333333333335
15/09/2025 15:00:00,,75.0,0.0,49.99
15/09/2025 15:30:00,,74.98,0.0,49.96666666666667
15/09/2025 16:00:00,,74.98,0.0,49.946666666666665
15/09/2025 16:30:00,,74.98,0.0,49.98333333333333
15/09/2025 17:00:00,,74.98,0.0,49.88999999999999
15/09/2025 17:30:00,,74.98,0.0,49.9
15/09/2025 18:00:00,,74.98,0.0,50.04
15/09/2025 18:30:00,,74.98,0.0,50.053333333333335
15/09/2025 19:00:00,,74.98,0.0,49.923333333333325
15/09/2025 19:30:00,,74.98,0.0,50.01666666666667
15/09/2025 20:00:00,,74.95,0.0,49.99
15/09/2025 20:30:00,,74.95,0.0,50.04
15/09/2025 21:00:00,,74.95,0.0,50.07
15/09/2025 21:30:00,,74.93,0.0,50.13666666666666
15/09/2025 22:00:00,,74.93,0.0,50.10666666666666
15/09/2025 22:30:00,,74.93,0.0,50.089999999999996
15/09/2025 23:00:00,,74.93,0.0,50.089999999999996
15/09/2025 23:30:00,,74.93,0.0,50.06666666666666
16/09/2025 00:00:00,,74.93,0.0,50.11666666666667
16/09/2025 00:30:00,,74.93,0.0,49.89333333333334
16/09/2025 01:00:00,,74.93,0.0,50.050000000000004
16/09/2025 01:30:00,,74.93,0.0,49.94333333333333
16/09/2025 02:00:00,,74.93,0.0,49.93666666666667
16/09/2025 02:30:00,,74.93,0.0,49.913333333333334
16/09/2025 03:00:00,,74.93,0.0,49.98333333333333
16/09/2025 03:30:00,,74.9,0.0,49.910000000000004
16/09/2025 04:00:00,,74.9,0.0,49.96
16/09/2025 04:30:00,,74.9,0.0,49.949999999999996
16/09/2025 05:00:00,,74.9,0.0,49.97666666666667
16/09/2025 05:30:00,,74.88,0.0,50.01333333333333
16/09/2025 06:00:00,,74.88,0.0,49.92666666666667
16/09/2025 06:30:00,,74.88,0.0,50.01
16/09/2025 07:00:00,,74.88,0.0,49.903333333333336
16/09/2025 07:30:00,,74.88,0.0,49.89333333333334
16/09/2025 08:00:00,,74.88,0.0,50.05666666666667
16/09/2025 08:30:00,,74.88,0.0,50.02333333333333
16/09/2025 09:00:00,,74.78,-0.0009400000000000002,50.06666666666666
16/09/2025 09:30:00,,74.58,0.00174,49.98333333333333
16/09/2025 10:00:00,,74.46,0.00172,49.99666666666667
16/09/2025 10:30:00,,74.28,0.0017433333333333335,50.04
16/09/2025 11:00:00,,74.13,0.0017900000000000001,50.02333333333333
16/09/2025 11:30:00,,90.62,-3.3300666666666667,49.99666666666666
16/09/2025 12:00:00,,91.12,-0.11761333333333333,50.050000000000004
16/09/2025 12:30:00,,92.04,-0.22563333333333335,50.04333333333333
16/09/2025 13:00:00,,91.92,0.0013933333333333332,50.02
16/09/2025 13:30:00,,91.82,0.0007433333333333333,50.03666666666667
16/09/2025 14:00:00,,91.72,-0.0009633333333333331,50.06333333333333
16/09/2025 14:30:00,,91.62,0.0013533333333333333,50.02333333333333
16/09/2025 15:00:00,,91.49,0.0006133333333333334,49.93666666666667
16/09/2025 15:30:00,,91.39,0.0013499999999999999,50.04666666666666
16/09/2025 16:00:00,,91.29,0.00147,49.98333333333333
16/09/2025 16:30:00,,91.17,0.0014833333333333332,49.93333333333334
16/09/2025 17:00:00,,90.97,0.00156,49.99333333333334
16/09/2025 17:30:00,,90.85,0.0014733333333333334,49.98
16/09/2025 18:00:00,,90.72,0.00144,49.95333333333334
16/09/2025 18:30:00,,90.57,0.0012900000000000001,49.9
16/09/2025 19:00:00,,90.45,0.0013133333333333332,49.92666666666667
16/09/2025 19:30:00,,90.32,0.0013766666666666667,50.00666666666667
16/09/2025 20:00:00,,90.2,0.0014366666666666666,50.01333333333333
16/09/2025 20:30:00,,90.05,0.0013633333333333334,49.93666666666667
16/09/2025 21:00:00,,89.93,0.0014066666666666665,49.946666666666665
16/09/2025 21:30:00,,89.78,0.0014933333333333333,49.97
16/09/2025 22:00:00,,89.63,0.0015566666666666665,49.919999999999995
16/09/2025 22:30:00,,89.48,0.00172,50.09666666666667
16/09/2025 23:00:00,,89.36,0.0016166666666666666,50.10666666666666
16/09/2025 23:30:00,,89.23,0.0016300000000000002,50.11333333333332
17/09/2025 00:00:00,,89.09,0.0015666666666666665,50.04666666666666
17/09/2025 00:30:00,,88.91,0.0015433333333333332,49.96333333333333
17/09/2025 01:00:00,,88.79,0.0015066666666666666,50.0
17/09/2025 01:30:00,,88.61,0.0016033333333333333,50.04666666666666
17/09/2025 02:00:00,,88.51,0.0014766666666666667,49.94
17/09/2025 02:30:00,,88.37,0.0015933333333333335,50.083333333333336
17/09/2025 03:00:00,,88.17,0.00161,50.11333333333332
17/09/2025 03:30:00,,88.04,0.0016499999999999998,50.1
17/09/2025 04:00:00,,87.92,0.0016733333333333333,50.1
17/09/2025 04:30:00,,87.74,0.0016433333333333332,49.97666666666667
17/09/2025 05:00:00,,87.62,0.00172,50.056666666666665
17/09/2025 05:30:00,,87.47,0.0014866666666666665,50.05666666666667
17/09/2025 06:00:00,,87.32,0.0016733333333333333,49.97666666666667
17/09/2025 06:30:00,,87.15,0.0015433333333333334,49.92333333333334
17/09/2025 07:00:00,,86.98,0.0018633333333333332,50.01666666666667
17/09/2025 07:30:00,,86.85,0.0019500000000000001,49.89333333333334
17/09/2025 08:00:00,,86.68,0.00217,49.98333333333333
17/09/2025 08:30:00,,86.53,0.001966666666666667,50.06
17/09/2025 09:00:00,,86.35,0.0022366666666666668,50.050000000000004
17/09/2025 09:30:00,,86.2,0.0022733333333333334,50.01333333333333
17/09/2025 10:00:00,,86.03,0.0018100000000000002,50.00333333333333
17/09/2025 10:30:00,,85.88,0.0020900000000000003,49.96666666666667
17/09/2025 11:00:00,,85.76,0.0020566666666666667,49.919999999999995
17/09/2025 11:30:00,,85.58,0.00197,49.973333333333336
17/09/2025 12:00:00,,85.43,0.002336666666666666,50.01
17/09/2025 12:30:00,,96.73,-2.4912566666666667,50.01666666666667
17/09/2025 13:00:00,,99.7,-1.6396600000000001,50.01333333333333
17/09/2025 13:30:00,,99.6,0.001993333333333333,50.06
17/09/2025 14:00:00,,99.5,0.00205,50.07666666666666
17/09/2025 14:30:00,,99.38,0.0018533333333333334,50.05666666666667
17/09/2025 15:00:00,,99.28,0.002086666666666667,50.050000000000004
17/09/2025 15:30:00,,99.08,0.0020633333333333333,50.00666666666666
17/09/2025 16:00:00,,98.98,0.0019466666666666666,49.92666666666667
17/09/2025 16:30:00,,98.83,0.0019966666666666666,49.97666666666667
17/09/2025 17:00:00,,98.71,0.0020533333333333337,49.96333333333334
17/09/2025 17:30:00,,98.56,0.0020733333333333337,49.96
17/09/2025 18:00:00,,98.41,0.0019833333333333335,50.04
17/09/2025 18:30:00,,94.26,0.7789866666666668,49.98666666666667
17/09/2025 19:00:00,,93.96,0.02996333333333333,49.913333333333334
17/09/2025 19:30:00,,93.86,0.00188,49.99666666666667
17/09/2025 20:00:00,,93.69,0.0018633333333333332,49.97
17/09/2025 20:30:00,,93.59,0.001923333333333333,49.97666666666667
17/09/2025 21:00:00,,93.44,0.00193,49.98333333333333
17/09/2025 21:30:00,,93.29,0.0017800000000000001,49.97333333333333
17/09/2025 22:00:00,,93.12,0.0019499999999999997,50.04333333333333
17/09/2025 22:30:00,,92.99,0.0019499999999999997,49.97666666666667
17/09/2025 23:00:00,,92.87,0.0020766666666666663,50.11333333333332
17/09/2025 23:30:00,,72.97,3.807783333333333,50.02
18/09/2025 00:00:00,,72.77,0.002126666666666667,50.116666666666674
18/09/2025 00:30:00,,72.64,0.0020766666666666668,50.07666666666666
18/09/2025 01:00:00,,72.5,0.0016566666666666667,49.95333333333334
18/09/2025 01:30:00,,72.42,-0.016563333333333336,49.93333333333334
18/09/2025 02:00:00,,75.12,-0.5848066666666667,50.0
18/09/2025 02:30:00,,74.95,0.0018399999999999998,49.913333333333334
18/09/2025 03:00:00,,75.4,-0.11951666666666666,50.04999999999999
18/09/2025 03:30:00,,92.05,-3.52975,49.973333333333336
18/09/2025 04:00:00,,91.98,0.0021133333333333334,49.99333333333333
18/09/2025 04:30:00,,91.83,0.0018233333333333333,49.97
18/09/2025 05:00:00,,91.71,0.0019033333333333333,49.93333333333334
18/09/2025 05:30:00,,91.56,0.00185,49.92666666666667
18/09/2025 06:00:00,,91.41,0.0019166666666666666,49.95333333333334
18/09/2025 06:30:00,,91.31,0.00199,49.96
18/09/2025 07:00:00,,90.34,0.15669333333333332,49.923333333333325
18/09/2025 07:30:00,,62.78,5.264006666666667,49.94
18/09/2025 08:00:00,,25.28,7.065273333333333,49.970000000000006
18/09/2025 08:30:00,,22.15,0.00239,50.02
18/09/2025 09:00:00,,21.94,0.00247,50.056666666666665
18/09/2025 09:30:00,,21.72,0.002146666666666667,49.98
18/09/2025 10:00:00,,21.52,0.0021,50.01333333333333
18/09/2025 10:30:00,,21.32,0.00213,50.03666666666666
18/09/2025 11:00:00,,21.12,0.00213,50.04333333333333
18/09/2025 11:30:00,,20.92,0.0020533333333333332,49.973333333333336
18/09/2025 12:00:00,,20.88,0.0019733333333333334,50.00333333333333
18/09/2025 12:30:00,,21.79,-0.12526333333333334,50.00333333333333
18/09/2025 13:00:00,,42.57,-4.177196666666667,50.0
18/09/2025 13:30:00,,63.6,-4.180549999999999,49.99333333333333
18/09/2025 14:00:00,,83.91,-4.05065,50.02333333333333
18/09/2025 14:30:00,,84.06,-0.05233666666666666,49.97333333333333
18/09/2025 15:00:00,,92.01,-1.6956966666666666,50.06333333333333
18/09/2025 15:30:00,,91.86,0.001996666666666667,49.93333333333334
18/09/2025 16:00:00,,91.71,0.00201,49.96
18/09/2025 16:30:00,,91.56,0.0019433333333333334,49.93
18/09/2025 17:00:00,,91.42,0.0018866666666666667,49.876666666666665
18/09/2025 17:30:00,,91.29,0.0018366666666666668,49.92666666666667
18/09/2025 18:00:00,,90.32,0.15687333333333334,49.90333333333333
18/09/2025 18:30:00,,61.78,5.166799999999999,49.910000000000004
18/09/2025 19:00:00,,21.95,7.073096666666667,49.89000000000001
18/09/2025 19:30:00,,21.87,0.0017866666666666667,49.906666666666666
18/09/2025 20:00:00,,21.97,0.0018533333333333336,49.99666666666666
18/09/2025 20:30:00,,21.73,0.0018966666666666665,50.086666666666666
18/09/2025 21:00:00,,21.55,0.0018000000000000002,49.98333333333334
18/09/2025 21:30:00,,21.56,0.00172,49.96
18/09/2025 22:00:00,,21.4,0.00174,50.05333333333334
18/09/2025 22:30:00,,21.87,-0.05498999999999999,50.07
18/09/2025 23:00:00,,30.48,-1.74556,50.080000000000005
18/09/2025 23:30:00,,30.31,0.0015533333333333334,50.03
19/09/2025 00:00:00,,30.18,0.0018200000000000002,50.02333333333333
19/09/2025 00:30:00,,29.98,0.0014666666666666667,49.923333333333325
19/09/2025 01:00:00,,29.83,0.0017466666666666665,50.00333333333333
19/09/2025 01:30:00,,29.71,0.0013433333333333335,49.96
19/09/2025 02:00:00,,29.54,0.0013499999999999999,49.97333333333333
19/09/2025 02:30:00,,29.92,-0.12240999999999998,49.92666666666667
19/09/2025 03:00:00,,49.5,-3.975353333333334,50.0
19/09/2025 03:30:00,,69.17,-3.9611933333333336,50.093333333333334
19/09/2025 04:00:00,,88.05,-3.8385866666666666,50.01666666666666
19/09/2025 04:30:00,,87.95,-0.0016566666666666667,49.97333333333333
19/09/2025 05:00:00,,88.32,-0.09770000000000001,49.92666666666667
19/09/2025 05:30:00,,88.17,0.00157,50.093333333333334
19/09/2025 06:00:00,,88.05,0.0013,49.94333333333333
19/09/2025 06:30:00,,87.92,0.0010733333333333333,49.89333333333334
19/09/2025 07:00:00,,87.77,0.0013466666666666668,49.93000000000001
19/09/2025 07:30:00,,86.5,0.21225333333333332,49.943333333333335
19/09/2025 08:00:00,,49.88,6.722323333333333,49.94
19/09/2025 08:30:00,,27.83,4.1703133333333335,49.95333333333334
19/09/2025 09:00:00,,27.73,0.0016666666666666668,50.01
19/09/2025 09:30:00,,27.58,0.0016633333333333333,49.97
19/09/2025 10:00:00,,27.46,0.0013966666666666667,50.053333333333335
19/09/2025 10:30:00,,27.29,0.0017166666666666667,50.0
19/09/2025 11:00:00,,27.12,0.0015266666666666666,49.97666666666667
19/09/2025 11:30:00,,26.97,0.0010766666666666667,50.03333333333334
19/09/2025 12:00:00,,26.79,0.001923333333333333,50.01333333333333
19/09/2025 12:30:00,,26.64,0.00188,49.949999999999996
19/09/2025 13:00:00,,27.07,-0.12435666666666667,49.953333333333326
19/09/2025 13:30:00,,46.52,-4.002113333333333,50.01
19/09/2025 14:00:00,,66.06,-4.00102,49.94
19/09/2025 14:30:00,,85.06,-3.896686666666667,49.92333333333334
19/09/2025 15:00:00,,88.76,-0.79212,49.870000000000005
19/09/2025 15:30:00,,88.66,0.00183,50.00333333333333
19/09/2025 16:00:00,,88.56,0.0018599999999999999,49.99333333333333
19/09/2025 16:30:00,,88.41,0.00172,49.876666666666665
19/09/2025 17:00:00,,88.28,0.00172,49.88666666666666
19/09/2025 17:30:00,,88.16,0.00171,49.879999999999995
19/09/2025 18:00:00,,86.98,0.18343333333333334,49.919999999999995
19/09/2025 18:30:00,,54.71,5.932786666666666,49.85
19/09/2025 19:00:00,,15.21,7.270296666666667,49.94
19/09/2025 19:30:00,,15.92,0.0020499999999999997,49.97666666666667
19/09/2025 20:00:00,,16.12,0.0019199999999999998,49.98
19/09/2025 20:30:00,,18.11,0.0017966666666666667,49.949999999999996
19/09/2025 21:00:00,,16.37,0.0018633333333333334,50.06666666666666
19/09/2025 21:30:00,,15.99,0.0017900000000000001,49.949999999999996
19/09/2025 22:00:00,,15.46,0.0018366666666666668,49.99666666666667
19/09/2025 22:30:00,,15.6,-0.0635,50.06
19/09/2025 23:00:00,,25.88,-2.04463,49.98333333333333
19/09/2025 23:30:00,,25.7,0.002023333333333333,50.03
20/09/2025 00:00:00,,25.55,0.0019833333333333335,50.04666666666666
20/09/2025 00:30:00,,25.43,0.0019833333333333335,50.00666666666666
20/09/2025 01:00:00,,25.25,0.0019466666666666666,50.00666666666666
20/09/2025 01:30:00,,25.13,0.0019166666666666666,50.04333333333333
20/09/2025 02:00:00,,24.98,0.0018866666666666667,50.02666666666667
20/09/2025 02:30:00,,24.8,0.0019133333333333335,50.06
20/09/2025 03:00:00,,25.26,-0.12617333333333333,50.06666666666666
20/09/2025 03:30:00,,45.04,-3.9811900000000002,50.03
20/09/2025 04:00:00,,64.47,-3.8397166666666664,50.083333333333336
20/09/2025 04:30:00,,64.88,-0.1256266666666667,50.06
20/09/2025 05:00:00,,84.34,-3.8663399999999997,50.026666666666664
20/09/2025 05:30:00,,88.86,-0.9045466666666666,50.09
20/09/2025 06:00:00,,88.74,0.0020566666666666667,50.07666666666666
20/09/2025 06:30:00,,88.61,0.0019666666666666665,49.949999999999996
20/09/2025 07:00:00,,88.44,0.0018266666666666665,50.01666666666667
20/09/2025 07:30:00,,88.34,0.0021,50.03666666666667
20/09/2025 08:00:00,,88.17,0.0019800000000000004,49.93666666666667
20/09/2025 08:30:00,,87.84,0.04263,50.00666666666666
20/09/2025 09:00:00,,79.86,1.45863,50.0
20/09/2025 09:30:00,,43.66,6.776943333333333,50.06
20/09/2025 10:00:00,,10.5,6.228093333333334,50.02333333333333
20/09/2025 10:30:00,,10.5,0.0020366666666666667,49.95333333333334
20/09/2025 11:00:00,,10.46,0.0022166666666666667,50.09
20/09/2025 11:30:00,,10.43,0.0022166666666666667,50.056666666666665
20/09/2025 12:00:00,,7.89,0.0022166666666666667,50.11666666666667
20/09/2025 12:30:00,,7.56,0.00217,50.086666666666666
20/09/2025 13:00:00,,6.15,0.00215,50.050000000000004
20/09/2025 13:30:00,,5.91,0.002166666666666667,50.04666666666666
20/09/2025 14:00:00,,5.67,0.00222,50.06666666666666
20/09/2025 14:30:00,,5.45,0.002203333333333333,49.99333333333333
20/09/2025 15:00:00,,5.07,0.0022266666666666667,50.02333333333333
20/09/2025 15:30:00,,4.92,0.00221,50.06333333333333
20/09/2025 16:00:00,,4.66,0.0021966666666666666,50.03
20/09/2025 16:30:00,,4.45,0.00212,50.07
20/09/2025 17:00:00,,4.35,0.001993333333333333,49.949999999999996
20/09/2025 17:30:00,,4.22,0.0020633333333333333,50.06
20/09/2025 18:00:00,,4.06,0.0019933333333333335,50.06999999999999
20/09/2025 18:30:00,,3.92,0.0020733333333333337,49.99666666666667
20/09/2025 19:00:00,,3.81,0.002213333333333333,50.06999999999999
20/09/2025 19:30:00,,3.74,0.002096666666666667,50.04
20/09/2025 20:00:00,,3.54,0.00209,50.099999999999994
20/09/2025 20:30:00,,3.46,0.002086666666666667,50.076666666666675
20/09/2025 21:00:00,,3.27,0.0019899999999999996,49.99666666666667
20/09/2025 21:30:00,,3.14,0.0018833333333333332,49.96
20/09/2025 22:00:00,,3.04,0.002,50.00666666666666
20/09/2025 22:30:00,,2.85,0.00196,49.99666666666667
20/09/2025 23:00:00,,2.75,0.0019966666666666666,50.01333333333333
20/09/2025 23:30:00,,2.49,0.0020666666666666667,50.06666666666666
21/09/2025 00:00:00,,2.3,0.002023333333333333,50.053333333333335
21/09/2025 00:30:00,,2.15,0.0020399999999999997,50.01333333333333
21/09/2025 01:00:00,,1.97,0.00206,50.01333333333334
21/09/2025 01:30:00,,1.91,0.0021566666666666665,50.0
21/09/2025 02:00:00,,1.85,0.0023666666666666667,50.089999999999996
21/09/2025 02:30:00,,1.48,0.0024833333333333335,50.04333333333333
21/09/2025 03:00:00,,1.4,0.00225,49.99333333333333
21/09/2025 03:30:00,,1.32,0.0020166666666666666,49.96666666666667
21/09/2025 04:00:00,,1.17,0.0022,49.95333333333334
21/09/2025 04:30:00,,1.27,0.0021466666666666665,49.946666666666665
21/09/2025 05:00:00,,1.19,0.0022,50.00333333333333
21/09/2025 05:30:00,,1.14,0.0020466666666666667,50.02
21/09/2025 06:00:00,,1.09,0.0020399999999999997,50.050000000000004
21/09/2025 06:30:00,,1.12,0.0018666666666666666,49.973333333333336
21/09/2025 07:00:00,,1.09,0.0018599999999999999,49.98333333333333
21/09/2025 07:30:00,,1.05,0.0019233333333333333,50.0
21/09/2025 08:00:00,,1.07,0.0018433333333333333,49.94333333333333
21/09/2025 08:30:00,,1.05,0.00192,50.02
21/09/2025 09:00:00,,1.05,0.0018233333333333333,49.96333333333334
21/09/2025 09:30:00,,1.05,0.0018866666666666667,50.09
21/09/2025 10:00:00,,1.0,0.0017866666666666667,50.04333333333333
21/09/2025 10:30:00,,1.0,0.0017566666666666666,50.06333333333333
21/09/2025 11:00:00,,1.03,0.0017166666666666667,50.04333333333333
21/09/2025 11:30:00,,1.0,0.0010366666666666666,50.04
21/09/2025 12:00:00,,1.0,0.0013166666666666665,50.02
21/09/2025 12:30:00,,1.0,0.0016666666666666668,49.92666666666667
21/09/2025 13:00:00,,9.23,-1.7085333333333335,49.99333333333333
21/09/2025 13:30:00,,15.2,-1.2229933333333334,49.93333333333334
21/09/2025 14:00:00,,15.15,0.0016699999999999998,49.916666666666664
21/09/2025 14:30:00,,15.0,0.00114,49.98666666666666
21/09/2025 15:00:00,,14.9,0.0007466666666666666,49.99333333333334
21/09/2025 15:30:00,,14.76,0.00117,50.06
21/09/2025 16:00:00,,14.89,0.0016966666666666666,49.97333333333333
21/09/2025 16:30:00,,17.47,0.00164,50.06999999999999
21/09/2025 17:00:00,,16.93,0.0015033333333333333,50.10333333333333
21/09/2025 17:30:00,,16.28,0.0013166666666666667,49.89666666666667
21/09/2025 18:00:00,,15.98,0.00132,49.916666666666664
21/09/2025 18:30:00,,15.33,0.0014399999999999997,49.973333333333336
21/09/2025 19:00:00,,13.94,0.18617666666666668,49.98
21/09/2025 19:30:00,,7.78,1.0441233333333335,49.89333333333334
21/09/2025 20:00:00,,7.63,0.0014866666666666667,49.95666666666667
21/09/2025 20:30:00,,4.57,0.0014800000000000002,50.05666666666667
21/09/2025 21:00:00,,4.4,0.0014933333333333333,49.98666666666666
21/09/2025 21:30:00,,4.22,0.00156,50.01333333333333
21/09/2025 22:00:00,,3.9,0.0015199999999999999,50.01
21/09/2025 22:30:00,,3.77,0.0015333333333333334,49.98333333333333
21/09/2025 23:00:00,,3.55,0.00159,50.06666666666666
21/09/2025 23:30:00,,3.42,0.0014799999999999998,50.05666666666667
22/09/2025 00:00:00,,3.16,0.0015166666666666668,50.04666666666666
22/09/2025 00:30:00,,2.9,0.0015033333333333333,50.02
22/09/2025 01:00:00,,2.7,0.0015033333333333333,50.053333333333335
22/09/2025 01:30:00,,2.51,0.0015033333333333333,49.98333333333334
22/09/2025 02:00:00,,2.43,0.00151,50.0
22/09/2025 02:30:00,,2.13,0.0016033333333333333,50.06
22/09/2025 03:00:00,,2.03,0.001593333333333333,50.04333333333333
22/09/2025 03:30:00,,1.88,0.0013033333333333334,50.056666666666665
22/09/2025 04:00:00,,1.67,0.0014999999999999998,50.02333333333333
22/09/2025 04:30:00,,1.56,0.00147,49.95666666666667
22/09/2025 05:00:00,,1.54,0.0015533333333333334,50.04333333333333
22/09/2025 05:30:00,,1.48,0.0008666666666666666,50.01333333333333
22/09/2025 06:00:00,,1.46,0.0014866666666666667,49.98333333333333
22/09/2025 06:30:00,,1.43,0.0015866666666666668,49.97666666666667
22/09/2025 07:00:00,,1.3,0.0015333333333333334,49.916666666666664
22/09/2025 07:30:00,,1.22,0.0012233333333333332,49.96
22/09/2025 08:00:00,,1.14,0.0014600000000000001,49.99666666666667
22/09/2025 08:30:00,,9.94,-1.8106166666666663,50.080000000000005
22/09/2025 09:00:00,,10.02,-0.02039666666666667,50.120000000000005
22/09/2025 09:30:00,,9.85,0.0017633333333333331,50.05666666666667
22/09/2025 10:00:00,,13.85,0.0016033333333333333,50.02
22/09/2025 10:30:00,,13.23,0.0015933333333333335,49.96
22/09/2025 11:00:00,,12.7,0.0017966666666666667,50.050000000000004
22/09/2025 11:30:00,,12.17,0.0011366666666666667,49.97333333333333
22/09/2025 12:00:00,,11.85,0.0014866666666666667,49.95666666666667
22/09/2025 12:30:00,,11.77,-0.12989666666666666,49.96666666666667
22/09/2025 13:00:00,,15.77,-0.8046066666666666,50.04333333333333
22/09/2025 13:30:00,,24.18,-1.6934233333333333,49.96666666666667
22/09/2025 14:00:00,,24.18,0.0,50.00666666666666
22/09/2025 14:30:00,,24.18,0.0,50.06666666666667
22/09/2025 15:00:00,,24.08,-0.001156666666666667,49.95666666666667
22/09/2025 15:30:00,,37.8,-2.7588966666666668,50.00333333333333
22/09/2025 16:00:00,,58.79,-4.18102,50.04666666666666
22/09/2025 16:30:00,,79.68,-4.157263333333334,50.04666666666666
22/09/2025 17:00:00,,90.05,-2.082356666666667,49.92333333333334
22/09/2025 17:30:00,,89.92,0.0014799999999999998,49.919999999999995
22/09/2025 18:00:00,,88.85,0.18627666666666667,50.04333333333333
22/09/2025 18:30:00,,56.22,6.1234399999999996,49.98
22/09/2025 19:00:00,,18.15,7.073553333333334,50.03333333333334
22/09/2025 19:30:00,,18.23,0.0011333333333333334,49.96666666666667
22/09/2025 20:00:00,,18.09,0.0014533333333333332,50.01666666666667
22/09/2025 20:30:00,,15.36,0.0014266666666666664,49.98
22/09/2025 21:00:00,,14.7,0.0014333333333333333,50.01333333333333
22/09/2025 21:30:00,,14.45,0.0016033333333333333,50.059999999999995
22/09/2025 22:00:00,,14.1,0.00154,49.93666666666667
22/09/2025 22:30:00,,13.81,-0.05547333333333334,49.93333333333333
22/09/2025 23:00:00,,22.71,-1.7466566666666665,50.01666666666667
22/09/2025 23:30:00,,22.56,0.0016299999999999997,50.0
23/09/2025 00:00:00,,22.39,0.0016333333333333332,49.98666666666667
23/09/2025 00:30:00,,22.22,0.0017333333333333333,50.04333333333333
23/09/2025 01:00:00,,22.44,-0.07761,49.97666666666667
23/09/2025 01:30:00,,35.07,-2.52376,49.95333333333334
23/09/2025 02:00:00,,34.89,0.0015033333333333333,50.00333333333333
23/09/2025 02:30:00,,34.69,0.0010299999999999999,49.97
23/09/2025 03:00:00,,35.14,-0.12014333333333332,50.04333333333333
23/09/2025 03:30:00,,55.17,-3.9737899999999997,50.01
23/09/2025 04:00:00,,74.54,-3.84116,50.03666666666667
23/09/2025 04:30:00,,74.37,0.0016633333333333333,50.01666666666667
23/09/2025 05:00:00,,74.17,0.0014333333333333333,49.94333333333333
23/09/2025 05:30:00,,74.07,0.00151,50.0
23/09/2025 06:00:00,,73.92,0.00164,50.083333333333336
23/09/2025 06:30:00,,73.77,0.0014266666666666666,49.99666666666667
23/09/2025 07:00:00,,72.95,0.12051333333333335,49.95000000000001
23/09/2025 07:30:00,,50.41,4.09305,49.91
23/09/2025 08:00:00,,15.08,6.680906666666666,49.913333333333334
23/09/2025 08:30:00,,14.93,0.00201,49.99
23/09/2025 09:00:00,,14.13,0.0016366666666666665,49.97666666666667
23/09/2025 09:30:00,,12.98,0.0017499999999999998,50.01
23/09/2025 10:00:00,,12.36,0.0019866666666666665,50.07
23/09/2025 10:30:00,,12.09,0.001953333333333333,50.083333333333336
23/09/2025 11:00:00,,12.53,-0.12657666666666667,50.01
23/09/2025 11:30:00,,32.51,-3.997706666666667,50.093333333333334
23/09/2025 12:00:00,,52.05,-3.8785233333333333,49.96
23/09/2025 12:30:00,,51.85,0.0018733333333333334,49.96
23/09/2025 13:00:00,,51.65,0.0018766666666666665,49.98
23/09/2025 13:30:00,,51.5,0.0019133333333333335,50.04999999999999
23/09/2025 14:00:00,,51.93,-0.11998333333333333,50.099999999999994
23/09/2025 14:30:00,,71.82,-3.9503999999999997,49.953333333333326
23/09/2025 15:00:00,,83.46,-2.3203,50.03
23/09/2025 15:30:00,,83.31,0.001993333333333333,50.10666666666666
23/09/2025 16:00:00,,83.14,0.00183,49.96
23/09/2025 16:30:00,,83.02,0.0017800000000000001,49.95666666666667
23/09/2025 17:00:00,,82.87,0.0017966666666666667,49.99666666666667
23/09/2025 17:30:00,,82.77,0.0018599999999999999,50.06333333333333
23/09/2025 18:00:00,,81.77,0.15697000000000003,50.06333333333333
23/09/2025 18:30:00,,54.33,5.170253333333333,49.92666666666667
23/09/2025 19:00:00,,16.7,7.063436666666667,49.94
23/09/2025 19:30:00,,16.67,0.0018333333333333333,50.01333333333334
23/09/2025 20:00:00,,16.65,0.001963333333333333,50.00666666666667
23/09/2025 20:30:00,,14.36,0.00203,50.093333333333334
23/09/2025 21:00:00,,13.77,0.00183,49.96666666666667
23/09/2025 21:30:00,,13.4,0.0018666666666666666,49.923333333333325
23/09/2025 22:00:00,,12.89,0.002,49.923333333333325
23/09/2025 22:30:00,,12.87,-0.05499333333333333,49.97333333333333
23/09/2025 23:00:00,,21.67,-1.7466533333333334,49.93666666666667
23/09/2025 23:30:00,,21.54,0.0019733333333333334,50.01666666666667
24/09/2025 00:00:00,,21.42,0.002033333333333333,50.06666666666666
24/09/2025 00:30:00,,21.22,0.0020133333333333336,50.026666666666664
24/09/2025 01:00:00,,21.1,0.0019333333333333331,49.94
24/09/2025 01:30:00,,20.95,0.002033333333333333,49.946666666666665
24/09/2025 02:00:00,,21.37,-0.12644333333333332,49.96666666666666
24/09/2025 02:30:00,,41.14,-3.9863700000000004,49.99666666666667
24/09/2025 03:00:00,,60.72,-3.894413333333333,49.96
24/09/2025 03:30:00,,69.63,-1.771436666666667,50.01333333333333
24/09/2025 04:00:00,,88.86,-3.8435699999999997,50.07333333333333
24/09/2025 04:30:00,,88.71,0.001956666666666667,49.99666666666667
24/09/2025 05:00:00,,88.56,0.0021866666666666666,50.09
24/09/2025 05:30:00,,88.44,0.0018900000000000002,50.00666666666666
24/09/2025 06:00:00,,88.34,0.0019166666666666666,50.096666666666664
24/09/2025 06:30:00,,88.22,0.0019,49.99666666666667
24/09/2025 07:00:00,,87.49,0.10608000000000001,49.98666666666666
24/09/2025 07:30:00,,67.78,3.605513333333333,49.92666666666667
24/09/2025 08:00:00,,32.95,6.586316666666668,50.050000000000004
24/09/2025 08:30:00,,32.8,0.0016566666666666667,50.053333333333335
24/09/2025 09:00:00,,32.68,0.0016166666666666666,50.093333333333334
24/09/2025 09:30:00,,32.48,0.00171,49.96666666666667
24/09/2025 10:00:00,,32.33,0.00173,50.09
24/09/2025 10:30:00,,32.16,0.0016366666666666665,49.97666666666667
24/09/2025 11:00:00,,32.01,0.0016966666666666666,49.99333333333333
24/09/2025 11:30:00,,31.83,0.0012766666666666668,50.0
24/09/2025 12:00:00,,31.68,0.0014866666666666665,49.99333333333333
24/09/2025 12:30:00,,31.51,0.0017533333333333333,50.0
24/09/2025 13:00:00,,31.36,0.0017800000000000001,50.04
24/09/2025 13:30:00,,31.79,-0.12185,50.07666666666666
24/09/2025 14:00:00,,50.85,-3.9025433333333335,50.01
24/09/2025 14:30:00,,70.53,-3.9978433333333334,49.95666666666667
24/09/2025 15:00:00,,89.48,-3.869336666666667,49.99666666666667
24/09/2025 15:30:00,,89.35,0.00189,49.99666666666666
24/09/2025 16:00:00,,89.18,0.0018466666666666666,50.01333333333334
24/09/2025 16:30:00,,89.05,0.0017800000000000001,50.00333333333333
24/09/2025 17:00:00,,88.9,0.0015300000000000001,49.96333333333333
24/09/2025 17:30:00,,88.75,0.0013933333333333332,49.96666666666666
24/09/2025 18:00:00,,87.83,0.15629666666666667,49.96333333333333
24/09/2025 18:30:00,,60.18,5.168043333333333,50.029999999999994
24/09/2025 19:00:00,,22.71,7.050599999999999,49.99333333333333
24/09/2025 19:30:00,,22.51,0.00132,49.96333333333333
24/09/2025 20:00:00,,22.74,0.0014866666666666667,50.053333333333335
24/09/2025 20:30:00,,21.25,0.0014999999999999998,50.00333333333333
24/09/2025 21:00:00,,20.75,0.0016033333333333333,50.05333333333334
24/09/2025 21:30:00,,20.55,0.0015533333333333334,50.093333333333334
24/09/2025 22:00:00,,19.84,0.0013466666666666668,49.98666666666667
24/09/2025 22:30:00,,19.82,-0.055506666666666656,49.906666666666666
24/09/2025 23:00:00,,28.65,-1.7445366666666668,49.903333333333336
24/09/2025 23:30:00,,28.52,0.0013966666666666665,49.916666666666664
25/09/2025 00:00:00,,28.22,0.029536666666666666,49.92666666666667
25/09/2025 00:30:00,,23.39,0.87484,49.946666666666665
25/09/2025 01:00:00,,23.24,0.0013533333333333333,49.96333333333333
25/09/2025 01:30:00,,21.98,0.0013766666666666667,49.97
25/09/2025 02:00:00,,21.59,0.0013300000000000002,49.96333333333334
25/09/2025 02:30:00,,21.62,-0.05069333333333334,49.96666666666667
25/09/2025 03:00:00,,30.42,-1.7703866666666668,50.02666666666667
25/09/2025 03:30:00,,50.26,-3.9741700000000004,50.00333333333334
25/09/2025 04:00:00,,69.73,-3.846443333333333,50.06
25/09/2025 04:30:00,,70.16,-0.11829,50.00333333333333
25/09/2025 05:00:00,,89.48,-3.8461,49.98
25/09/2025 05:30:00,,89.36,0.0014666666666666665,49.99666666666666
25/09/2025 06:00:00,,89.24,0.0012866666666666666,50.04666666666666
25/09/2025 06:30:00,,89.11,0.00143,49.97
25/09/2025 07:00:00,,88.94,0.00116,49.973333333333336
25/09/2025 07:30:00,,87.71,0.21222333333333335,49.919999999999995
25/09/2025 08:00:00,,51.83,6.602956666666667,49.970000000000006
25/09/2025 08:30:00,,33.82,3.4902933333333332,50.080000000000005
25/09/2025 09:00:00,,33.7,0.0018766666666666669,50.10666666666666
25/09/2025 09:30:00,,33.57,0.001893333333333333,50.11000000000001
25/09/2025 10:00:00,,33.4,0.0017966666666666667,50.053333333333335
25/09/2025 10:30:00,,33.2,0.0019066666666666665,50.120000000000005
25/09/2025 11:00:00,,33.05,0.0015000000000000002,50.080000000000005
25/09/2025 11:30:00,,32.91,0.0008066666666666666,49.98666666666666
25/09/2025 12:00:00,,33.33,-0.11717666666666667,50.01666666666667
25/09/2025 12:30:00,,51.65,-3.7734366666666666,50.053333333333335
25/09/2025 13:00:00,,51.48,0.00132,50.0
25/09/2025 13:30:00,,51.33,0.0019433333333333334,50.00666666666666
25/09/2025 14:00:00,,51.75,-0.11772666666666666,49.98333333333333
25/09/2025 14:30:00,,71.41,-3.996653333333333,49.98
25/09/2025 15:00:00,,90.38,-3.8725766666666672,50.083333333333336
25/09/2025 15:30:00,,90.2,0.0020266666666666666,50.06333333333333
25/09/2025 16:00:00,,90.1,0.0019199999999999998,49.93333333333334
25/09/2025 16:30:00,,89.93,0.0018533333333333334,49.906666666666666
25/09/2025 17:00:00,,89.83,0.00196,50.00666666666667
25/09/2025 17:30:00,,89.71,0.00179,50.03333333333333
25/09/2025 18:00:00,,88.88,0.13001,49.946666666666665
25/09/2025 18:30:00,,65.23,4.398403333333333,49.93333333333334
25/09/2025 19:00:00,,27.4,7.070906666666666,49.99666666666667
25/09/2025 19:30:00,,27.38,0.0016466666666666667,49.9
25/09/2025 20:00:00,,27.25,0.0016566666666666667,49.97666666666667
25/09/2025 20:30:00,,27.1,0.0017533333333333333,50.06
25/09/2025 21:00:00,,26.93,0.0016833333333333333,49.97666666666667
25/09/2025 21:30:00,,26.76,0.0015233333333333334,49.89666666666667
25/09/2025 22:00:00,,26.58,0.0016933333333333334,49.919999999999995
25/09/2025 22:30:00,,26.66,-0.05409,49.97
25/09/2025 23:00:00,,35.08,-1.7462133333333334,49.99
25/09/2025 23:30:00,,34.95,0.0017499999999999998,49.95333333333334
26/09/2025 00:00:00,,34.78,0.0015999999999999999,49.916666666666664
26/09/2025 00:30:00,,34.61,0.0017366666666666665,49.99666666666667
26/09/2025 01:00:00,,34.48,0.0017766666666666668,49.99
26/09/2025 01:30:00,,34.31,0.001726666666666667,49.92333333333334
26/09/2025 02:00:00,,34.13,0.0017733333333333334,50.01333333333334
26/09/2025 02:30:00,,33.96,0.0014533333333333332,50.01333333333333
26/09/2025 03:00:00,,33.83,0.0017333333333333333,50.02666666666667
26/09/2025 03:30:00,,34.23,-0.12412666666666666,50.01666666666666
26/09/2025 04:00:00,,53.47,-3.9636,50.04333333333333
26/09/2025 04:30:00,,70.69,-3.5129366666666666,49.99333333333333
26/09/2025 05:00:00,,89.48,-3.841036666666667,49.97
26/09/2025 05:30:00,,89.28,0.0015433333333333332,50.02333333333333
26/09/2025 06:00:00,,89.18,0.0016633333333333333,49.96666666666667
26/09/2025 06:30:00,,89.06,0.0017000000000000001,49.97
26/09/2025 07:00:00,,88.19,0.13711666666666666,50.02
26/09/2025 07:30:00,,64.31,4.387443333333333,49.88666666666666
26/09/2025 08:00:00,,28.3,6.789076666666666,50.02666666666667
26/09/2025 08:30:00,,28.17,0.0020966666666666664,50.01666666666666
26/09/2025 09:00:00,,28.05,0.0019966666666666666,49.93
26/09/2025 09:30:00,,27.9,0.00221,50.099999999999994
26/09/2025 10:00:00,,27.75,0.00201,50.03333333333333
26/09/2025 10:30:00,,27.58,0.0018533333333333336,49.96666666666666
26/09/2025 11:00:00,,27.43,0.002023333333333333,50.05666666666667
26/09/2025 11:30:00,,27.25,0.0019999999999999996,49.99
26/09/2025 12:00:00,,27.2,-0.03088666666666667,49.98333333333333
26/09/2025 12:30:00,,32.95,-1.19313,50.06999999999999
26/09/2025 13:00:00,,52.35,-3.9997100000000003,49.943333333333335
26/09/2025 13:30:00,,72.0,-3.9974833333333333,49.95333333333334
26/09/2025 14:00:00,,90.98,-3.871863333333333,50.00333333333333
26/09/2025 14:30:00,,90.85,0.002053333333333333,49.96
26/09/2025 15:00:00,,90.7,0.0019499999999999997,49.9
26/09/2025 15:30:00,,90.56,0.001993333333333333,49.93
26/09/2025 16:00:00,,90.38,0.00207,49.916666666666664
26/09/2025 16:30:00,,90.26,0.0021966666666666666,49.95333333333334
26/09/2025 17:00:00,,90.11,0.00198,50.00666666666667
26/09/2025 17:30:00,,90.01,0.0019233333333333333,50.01
26/09/2025 18:00:00,,88.98,0.16537000000000002,49.96
26/09/2025 18:30:00,,61.2,5.16679,49.98
26/09/2025 19:00:00,,22.75,7.16626,49.946666666666665
26/09/2025 19:30:00,,20.08,0.0014033333333333335,49.92666666666667
26/09/2025 20:00:00,,20.71,0.0018333333333333333,50.04333333333333
26/09/2025 20:30:00,,21.6,0.0017166666666666667,49.99333333333333
26/09/2025 21:00:00,,21.09,0.0017733333333333334,49.96666666666666
26/09/2025 21:30:00,,20.87,0.0019166666666666666,50.07333333333333
26/09/2025 22:00:00,,20.3,0.0018166666666666667,50.0
26/09/2025 22:30:00,,19.98,-0.055303333333333336,49.97
26/09/2025 23:00:00,,28.8,-1.74522,50.03333333333333
26/09/2025 23:30:00,,28.63,0.0018866666666666667,50.07666666666666
27/09/2025 00:00:00,,28.48,0.00171,50.02666666666667
27/09/2025 00:30:00,,28.3,0.0016899999999999999,50.04333333333333
27/09/2025 01:00:00,,28.18,0.0017033333333333334,50.00666666666667
27/09/2025 01:30:00,,27.98,0.0017466666666666665,50.03666666666667
27/09/2025 02:00:00,,27.86,0.00168,50.04
27/09/2025 02:30:00,,27.71,0.0017033333333333334,50.046666666666674
27/09/2025 03:00:00,,27.53,0.0017566666666666668,49.95666666666667
27/09/2025 03:30:00,,27.39,0.0019633333333333334,50.086666666666666
27/09/2025 04:00:00,,27.23,0.0015933333333333335,50.083333333333336
27/09/2025 04:30:00,,27.09,0.0019399999999999999,50.123333333333335
27/09/2025 05:00:00,,26.89,0.001956666666666667,50.10999999999999
27/09/2025 05:30:00,,26.79,0.0018200000000000002,49.99666666666667
27/09/2025 06:00:00,,26.64,0.0019166666666666666,50.06333333333333
27/09/2025 06:30:00,,26.44,0.0017866666666666667,49.99333333333333
27/09/2025 07:00:00,,26.32,0.0017499999999999998,49.946666666666665
27/09/2025 07:30:00,,26.14,0.00177,49.913333333333334
27/09/2025 08:00:00,,26.0,0.0015866666666666668,49.94333333333333
27/09/2025 08:30:00,,25.87,0.00164,49.923333333333325
27/09/2025 09:00:00,,25.7,0.001963333333333333,49.97666666666667
27/09/2025 09:30:00,,25.55,0.001893333333333333,50.01333333333333
27/09/2025 10:00:00,,25.37,0.002003333333333333,50.00333333333333
27/09/2025 10:30:00,,25.25,0.00208,50.046666666666674
27/09/2025 11:00:00,,25.1,0.0019866666666666665,49.96333333333333
27/09/2025 11:30:00,,24.9,0.00212,50.06
27/09/2025 12:00:00,,24.8,0.0016499999999999998,50.02
27/09/2025 12:30:00,,24.6,0.0013333333333333333,49.98333333333333
27/09/2025 13:00:00,,24.45,0.001893333333333333,50.07
27/09/2025 13:30:00,,24.08,0.0021,49.98333333333333
27/09/2025 14:00:00,,23.72,0.0019866666666666665,50.00666666666666
27/09/2025 14:30:00,,23.55,0.002013333333333333,50.04
27/09/2025 15:00:00,,22.8,0.002086666666666667,50.03666666666667
27/09/2025 15:30:00,,22.43,0.0020366666666666667,50.05666666666667
27/09/2025 16:00:00,,22.18,0.002033333333333333,50.0
27/09/2025 16:30:00,,21.97,0.0019199999999999998,49.95666666666667
27/09/2025 17:00:00,,21.72,0.0018866666666666667,49.93000000000001
27/09/2025 17:30:00,,21.35,0.0018566666666666668,49.94
27/09/2025 18:00:00,,21.1,0.00188,49.973333333333336
27/09/2025 18:30:00,,20.83,0.00201,50.050000000000004
27/09/2025 19:00:00,,20.52,0.0020466666666666667,49.96666666666667
27/09/2025 19:30:00,,20.17,0.002033333333333333,49.96333333333333
27/09/2025 20:00:00,,19.85,0.00203,50.02333333333333
27/09/2025 20:30:00,,19.6,0.0019166666666666666,49.943333333333335
27/09/2025 21:00:00,,19.2,0.0018499999999999999,49.946666666666665
27/09/2025 21:30:00,,18.95,0.0019,49.98666666666666
27/09/2025 22:00:00,,18.77,0.0021,50.04333333333333
27/09/2025 22:30:00,,18.45,0.00217,50.00666666666667
27/09/2025 23:00:00,,18.19,0.0021566666666666665,50.00333333333334
27/09/2025 23:30:00,,17.97,0.0019433333333333334,49.97666666666667
28/09/2025 00:00:00,,17.79,0.0019233333333333333,49.913333333333334
28/09/2025 00:30:00,,17.59,0.0019933333333333335,49.99333333333334
28/09/2025 01:00:00,,17.94,-0.11694666666666668,49.93666666666667
28/09/2025 01:30:00,,37.0,-3.8625866666666666,50.03
28/09/2025 02:00:00,,37.77,-0.19111,50.01333333333334
28/09/2025 02:30:00,,37.62,0.0022733333333333334,50.09666666666667
28/09/2025 03:00:00,,38.02,-0.11708333333333332,50.02
28/09/2025 03:30:00,,58.12,-3.9716699999999996,49.99666666666667
28/09/2025 04:00:00,,77.45,-3.8442400000000005,49.97
28/09/2025 04:30:00,,77.32,0.00199,50.00666666666667
28/09/2025 05:00:00,,77.15,0.00179,50.03333333333333
28/09/2025 05:30:00,,77.05,0.0020700000000000002,50.02666666666667
28/09/2025 06:00:00,,76.92,0.0018333333333333333,49.99666666666667
28/09/2025 06:30:00,,76.75,0.0019799999999999996,49.99
28/09/2025 07:00:00,,76.6,0.0018533333333333334,50.07333333333333
28/09/2025 07:30:00,,76.43,0.0019533333333333334,49.96
28/09/2025 08:00:00,,76.3,0.00179,49.94
28/09/2025 08:30:00,,76.17,0.0018399999999999998,50.03333333333333
28/09/2025 09:00:00,,76.03,0.0019033333333333333,50.029999999999994
28/09/2025 09:30:00,,75.85,0.0017533333333333333,50.02
28/09/2025 10:00:00,,75.71,0.0017233333333333334,50.03
28/09/2025 10:30:00,,75.55,0.0016966666666666666,50.04333333333333
28/09/2025 11:00:00,,75.4,0.0016766666666666666,49.99
28/09/2025 11:30:00,,75.23,0.0016633333333333333,50.01
28/09/2025 12:00:00,,75.13,0.00172,50.04666666666666
28/09/2025 12:30:00,,74.96,0.0015833333333333333,49.949999999999996
28/09/2025 13:00:00,,74.81,0.0016166666666666666,50.053333333333335
28/09/2025 13:30:00,,74.63,0.0015266666666666666,49.99666666666667
28/09/2025 14:00:00,,74.51,0.00147,50.02666666666667
28/09/2025 14:30:00,,74.36,0.00155,50.02666666666667
28/09/2025 15:00:00,,74.18,0.00145,49.96666666666666
28/09/2025 15:30:00,,74.04,0.0015633333333333332,50.04666666666666
28/09/2025 16:00:00,,73.89,0.001556666666666667,50.026666666666664
28/09/2025 16:30:00,,73.69,0.0014966666666666668,50.00333333333333
28/09/2025 17:00:00,,73.54,0.00154,50.01666666666667
28/09/2025 17:30:00,,73.44,0.0013866666666666665,50.00333333333333
28/09/2025 18:00:00,,72.44,0.1539,49.96666666666667
28/09/2025 18:30:00,,44.53,5.171243333333333,50.00333333333334
28/09/2025 19:00:00,,7.88,6.955426666666668,49.94333333333333
28/09/2025 19:30:00,,7.85,0.00124,49.89666666666667
28/09/2025 20:00:00,,8.03,0.0018000000000000002,50.03333333333333
28/09/2025 20:30:00,,7.96,0.0018666666666666666,50.093333333333334
28/09/2025 21:00:00,,7.48,0.0015300000000000001,50.083333333333336
28/09/2025 21:30:00,,7.18,0.0018433333333333333,50.03
28/09/2025 22:00:00,,6.81,0.0019,49.99666666666667
28/09/2025 22:30:00,,6.82,-0.054150000000000004,49.96
28/09/2025 23:00:00,,15.58,-1.7469666666666666,49.99666666666667
28/09/2025 23:30:00,,15.38,0.0018566666666666668,50.00333333333333
29/09/2025 00:00:00,,19.58,0.001893333333333333,49.98666666666666
29/09/2025 00:30:00,,20.32,0.00191,49.97666666666666
29/09/2025 01:00:00,,21.02,0.00156,49.99
29/09/2025 01:30:00,,20.42,0.0019199999999999998,50.03
29/09/2025 02:00:00,,19.49,0.0018766666666666669,50.056666666666665
29/09/2025 02:30:00,,19.04,0.0017966666666666667,49.97666666666667
29/09/2025 03:00:00,,19.02,-0.11056333333333333,50.02
29/09/2025 03:30:00,,36.04,-3.389836666666666,49.96666666666667
29/09/2025 04:00:00,,36.47,-0.12139,49.97333333333333
29/09/2025 04:30:00,,56.6,-3.96987,49.99
29/09/2025 05:00:00,,76.23,-3.8365533333333333,49.94
29/09/2025 05:30:00,,76.06,0.0017433333333333335,49.98333333333334
29/09/2025 06:00:00,,75.91,0.0018633333333333334,50.01
29/09/2025 06:30:00,,75.76,0.0014866666666666667,49.949999999999996
29/09/2025 07:00:00,,75.11,0.09610000000000002,49.95666666666667
29/09/2025 07:30:00,,57.82,3.1227199999999997,49.92333333333334
29/09/2025 08:00:00,,21.81,6.726666666666667,50.050000000000004
29/09/2025 08:30:00,,21.7,0.0015166666666666668,50.06666666666666
29/09/2025 09:00:00,,17.72,0.0018599999999999999,50.04
29/09/2025 09:30:00,,17.29,0.0020233333333333336,50.03333333333333
29/09/2025 10:00:00,,16.69,0.0020466666666666667,50.093333333333334
29/09/2025 10:30:00,,16.19,0.0020666666666666667,50.06333333333333
29/09/2025 11:00:00,,15.63,0.002,50.06
29/09/2025 11:30:00,,15.33,0.0019233333333333333,50.03
29/09/2025 12:00:00,,15.76,-0.12696,50.01666666666667
29/09/2025 12:30:00,,35.32,-3.9484733333333337,49.98333333333333
29/09/2025 13:00:00,,47.57,-2.4474666666666667,49.96
29/09/2025 13:30:00,,67.72,-3.9980999999999995,50.00333333333333
29/09/2025 14:00:00,,87.13,-3.8651766666666667,49.98
29/09/2025 14:30:00,,86.95,0.00097,49.93333333333334
29/09/2025 15:00:00,,86.83,0.0016933333333333334,49.96
29/09/2025 15:30:00,,86.68,0.0017699999999999999,50.03
29/09/2025 16:00:00,,86.55,0.0015133333333333333,49.94
29/09/2025 16:30:00,,86.38,0.0015833333333333333,49.953333333333326
29/09/2025 17:00:00,,86.28,0.00155,49.98
29/09/2025 17:30:00,,86.11,0.0015766666666666665,50.03666666666667
29/09/2025 18:00:00,,84.78,0.2275666666666667,50.06
29/09/2025 18:30:00,,46.48,7.137429999999999,50.02
29/09/2025 19:00:00,,19.53,5.139086666666667,50.03333333333333
29/09/2025 19:30:00,,19.43,0.0014666666666666665,50.01666666666667
29/09/2025 20:00:00,,18.84,0.0013499999999999999,49.96333333333333
29/09/2025 20:30:00,,17.13,0.0014733333333333334,49.97666666666667
29/09/2025 21:00:00,,16.77,0.00162,50.03333333333333
29/09/2025 21:30:00,,16.44,0.00151,49.94333333333333
29/09/2025 22:00:00,,16.06,0.0016533333333333333,50.096666666666664
29/09/2025 22:30:00,,15.98,-0.05246999999999999,49.906666666666666
29/09/2025 23:00:00,,24.82,-1.7443000000000002,49.96666666666666
29/09/2025 23:30:00,,24.65,0.0015466666666666667,50.00333333333333
30/09/2025 00:00:00,,24.47,0.0015733333333333335,50.02
30/09/2025 00:30:00,,24.35,0.0015533333333333334,49.96333333333333
30/09/2025 01:00:00,,24.8,-0.12461666666666667,49.94
30/09/2025 01:30:00,,43.95,-3.8617666666666666,49.98333333333334
30/09/2025 02:00:00,,43.78,0.0015233333333333334,50.01333333333333
30/09/2025 02:30:00,,44.18,-0.11103,49.89333333333334
30/09/2025 03:00:00,,61.21,-3.39077,50.02
30/09/2025 03:30:00,,61.31,-0.050126666666666674,50.03
30/09/2025 04:00:00,,69.49,-1.6448,50.086666666666666
30/09/2025 04:30:00,,69.91,-0.12313,49.89666666666667
30/09/2025 05:00:00,,89.21,-3.86261,50.00333333333333
30/09/2025 05:30:00,,89.08,0.00159,49.99333333333334
30/09/2025 06:00:00,,88.93,0.0012333333333333335,49.88999999999999
30/09/2025 06:30:00,,88.81,0.0016,49.96666666666667
30/09/2025 07:00:00,,88.11,0.11042333333333332,49.916666666666664
30/09/2025 07:30:00,,67.93,3.70833,49.93666666666667
30/09/2025 08:00:00,,32.67,6.683293333333334,49.97666666666667
30/09/2025 08:30:00,,32.5,0.0018599999999999999,50.06
30/09/2025 09:00:00,,32.4,0.0017866666666666667,49.98
30/09/2025 09:30:00,,32.2,0.0017333333333333333,49.98333333333333
30/09/2025 10:00:00,,32.05,0.00172,49.97333333333333
30/09/2025 10:30:00,,31.9,0.00147,50.02
30/09/2025 11:00:00,,31.76,0.0016666666666666663,50.10333333333333
30/09/2025 11:30:00,,31.6,0.0015799999999999998,49.97
30/09/2025 12:00:00,,31.46,0.0009333333333333334,50.03333333333333
30/09/2025 12:30:00,,31.28,0.0015433333333333332,50.080000000000005
30/09/2025 13:00:00,,31.58,-0.09148333333333335,50.04
30/09/2025 13:30:00,,46.86,-3.1290666666666667,50.04666666666666
30/09/2025 14:00:00,,66.48,-4.002143333333334,50.02333333333333
30/09/2025 14:30:00,,85.7,-3.9143033333333332,49.99666666666667
30/09/2025 15:00:00,,90.8,-1.0635833333333333,50.04333333333333
30/09/2025 15:30:00,,90.63,0.0017366666666666667,49.97666666666667
30/09/2025 16:00:00,,90.53,0.0018000000000000002,49.99666666666667
30/09/2025 16:30:00,,90.36,0.0018166666666666667,49.95333333333334
30/09/2025 17:00:00,,90.23,0.0018400000000000003,49.973333333333336
30/09/2025 17:30:00,,90.11,0.0019166666666666666,50.01333333333333
30/09/2025 18:00:00,,89.18,0.15649666666666665,49.99
30/09/2025 18:30:00,,61.5,5.171553333333335,49.92333333333334
30/09/2025 19:00:00,,23.27,7.161616666666666,49.97
30/09/2025 19:30:00,,23.2,0.00177,50.03
30/09/2025 20:00:00,,23.46,0.00185,50.06666666666666
30/09/2025 20:30:00,,21.8,0.00179,50.0
30/09/2025 21:00:00,,21.44,0.0018133333333333335,50.07333333333333
30/09/2025 21:30:00,,21.23,0.0017666666666666666,49.96
30/09/2025 22:00:00,,20.78,0.0018466666666666666,49.97
30/09/2025 22:30:00,,20.74,-0.05512333333333333,49.98666666666666
30/09/2025 23:00:00,,29.61,-1.7476599999999998,49.98333333333333
30/09/2025 23:30:00,,29.41,0.0018400000000000003,50.02333333333333
01/10/2025 00:00:00,,29.29,0.0017833333333333336,49.949999999999996
